,like,reply,retweet,time,username,status,tweet_link,prediction,hashtag
10,0,0,0,2023-07-08 15:42:48,@chacha_stp,1677599100932595712,https://twitter.com/@chacha_stp/status/1677599100932595712,1,#PeShan
13,0,0,0,2023-07-08 15:34:49,@WrPecel,1677597092188127234,https://twitter.com/@WrPecel/status/1677597092188127234,1,#PeShan
20,0,0,0,2023-07-08 15:16:46,@JakartaFairID,1677592549786271744,https://twitter.com/@JakartaFairID/status/1677592549786271744,1,#JakartaFair2023
35,0,0,0,2023-07-08 14:27:11,@sehunapiyak10,1677580071148875776,https://twitter.com/@sehunapiyak10/status/1677580071148875776,1,#JakartaFair2023
37,0,0,0,2023-07-08 14:24:38,@hariowcks,1677579431286820864,https://twitter.com/@hariowcks/status/1677579431286820864,1,#PeShan
38,0,0,0,2023-07-08 14:23:50,@Fais_KW,1677579227120664576,https://twitter.com/@Fais_KW/status/1677579227120664576,1,#PeShan
53,0,0,2,2023-07-08 13:31:00,@elleminerale,1677565932221386752,https://twitter.com/@elleminerale/status/1677565932221386752,0,#zonauang
54,0,0,2,2023-07-08 13:31:00,@elleminerale,1677565932221386752,https://twitter.com/@elleminerale/status/1677565932221386752,0,#zonaprj
73,0,0,0,2023-07-08 12:22:41,@JakartaFairID,1677548739622481920,https://twitter.com/@JakartaFairID/status/1677548739622481920,1,#JakartaFair2023
74,0,0,0,2023-07-08 12:22:41,@JakartaFairID,1677548739622481920,https://twitter.com/@JakartaFairID/status/1677548739622481920,1,#JakartaFair
82,0,0,0,2023-07-08 11:48:34,@ccheelsieeu,1677540152460316672,https://twitter.com/@ccheelsieeu/status/1677540152460316672,1,#zonajajan
83,0,0,0,2023-07-08 11:48:34,@ccheelsieeu,1677540152460316672,https://twitter.com/@ccheelsieeu/status/1677540152460316672,1,#zonauang
84,0,0,0,2023-07-08 11:48:34,@ccheelsieeu,1677540152460316672,https://twitter.com/@ccheelsieeu/status/1677540152460316672,1,#zonaBU
86,0,2,0,2023-07-08 11:40:54,@JakartaFairID,1677538224296824833,https://twitter.com/@JakartaFairID/status/1677538224296824833,0,#JakartaFair2023
98,0,0,0,2023-07-08 10:51:00,@jaringanprima,1677525665346887680,https://twitter.com/@jaringanprima/status/1677525665346887680,1,#MudahPakaiPRIMA
100,0,0,0,2023-07-08 10:45:51,@Erwinnarif,1677524371710283777,https://twitter.com/@Erwinnarif/status/1677524371710283777,1,#FionyMail
121,2,0,0,2023-07-08 08:45:40,@JakartaFairID,1677494125321678853,https://twitter.com/@JakartaFairID/status/1677494125321678853,0,#JakartaFair2023
124,0,0,0,2023-07-08 08:35:14,@jirokumaww,1677491501155356672,https://twitter.com/@jirokumaww/status/1677491501155356672,1,#GREply
134,0,0,0,2023-07-08 07:34:25,@Bumn_ende_Hebat,1677476194823045120,https://twitter.com/@Bumn_ende_Hebat/status/1677476194823045120,0,#PerumnasdiPRJ
135,0,0,0,2023-07-08 07:34:25,@Bumn_ende_Hebat,1677476194823045120,https://twitter.com/@Bumn_ende_Hebat/status/1677476194823045120,0,#BeraniBeliRumah
136,0,0,0,2023-07-08 07:34:25,@Bumn_ende_Hebat,1677476194823045120,https://twitter.com/@Bumn_ende_Hebat/status/1677476194823045120,0,#Perumnas
137,0,0,0,2023-07-08 07:34:25,@Bumn_ende_Hebat,1677476194823045120,https://twitter.com/@Bumn_ende_Hebat/status/1677476194823045120,0,#PasBuatMilenial
157,1,0,0,2023-07-08 02:17:26,@Andika_FJKT48,1677396423258808320,https://twitter.com/@Andika_FJKT48/status/1677396423258808320,1,#CallieAnswer
164,0,0,0,2023-07-08 00:55:46,@AriobimoY,1677375870196142080,https://twitter.com/@AriobimoY/status/1677375870196142080,1,#AshelPM
167,0,0,0,2023-07-08 00:44:23,@mhamdizy__,1677373008128901121,https://twitter.com/@mhamdizy__/status/1677373008128901121,1,#Freytalk
179,0,0,0,2023-07-08 00:03:03,@Lyyyyy1106,1677362605541953536,https://twitter.com/@Lyyyyy1106/status/1677362605541953536,1,#freytalk
180,0,0,0,2023-07-08 00:01:20,@Rp_Jaff,1677362173910323200,https://twitter.com/@Rp_Jaff/status/1677362173910323200,1,#Freytalk
181,0,0,0,2023-07-08 00:00:32,@DagDigDugDeerr,1677361971539382272,https://twitter.com/@DagDigDugDeerr/status/1677361971539382272,0,#CallieAnswer
192,0,1,0,2023-07-07 23:34:01,@energiattp,1677355296921100289,https://twitter.com/@energiattp/status/1677355296921100289,0,#zonajajan
193,0,1,0,2023-07-07 23:34:01,@energiattp,1677355296921100289,https://twitter.com/@energiattp/status/1677355296921100289,0,#zonaba
194,0,1,0,2023-07-07 23:34:01,@energiattp,1677355296921100289,https://twitter.com/@energiattp/status/1677355296921100289,0,#zonauangᅠ
199,0,1,0,2023-07-07 23:17:21,@erwattgr,1677351101866348545,https://twitter.com/@erwattgr/status/1677351101866348545,1,#jkt48
200,0,1,0,2023-07-07 23:17:21,@erwattgr,1677351101866348545,https://twitter.com/@erwattgr/status/1677351101866348545,1,#JakartaFair2023
253,0,0,0,2023-07-07 21:02:59,@ianxiiiviii,1677317287412465666,https://twitter.com/@ianxiiiviii/status/1677317287412465666,1,#PeShan
255,0,1,0,2023-07-07 20:58:47,@tarigummy,1677316230657589249,https://twitter.com/@tarigummy/status/1677316230657589249,1,#Zonajajan
256,0,1,0,2023-07-07 20:58:47,@tarigummy,1677316230657589249,https://twitter.com/@tarigummy/status/1677316230657589249,1,#zonauang
258,0,0,0,2023-07-07 20:52:54,@NatadyaPratama,1677314752396001281,https://twitter.com/@NatadyaPratama/status/1677314752396001281,1,#PeShan
287,0,0,0,2023-07-07 19:31:03,@_21Riz,1677294154047713282,https://twitter.com/@_21Riz/status/1677294154047713282,1,#ChriStory
290,2,1,0,2023-07-07 19:29:29,@JakartaFairID,1677293758399004672,https://twitter.com/@JakartaFairID/status/1677293758399004672,1,#JakartaFair2023
293,0,1,0,2023-07-07 19:19:08,@JakartaFairID,1677291155996958721,https://twitter.com/@JakartaFairID/status/1677291155996958721,1,#JakartaFair2023
294,0,1,0,2023-07-07 19:19:08,@JakartaFairID,1677291155996958721,https://twitter.com/@JakartaFairID/status/1677291155996958721,1,#JakartaFair
295,0,0,0,2023-07-07 19:18:37,@rizkiakyy2,1677291025587671040,https://twitter.com/@rizkiakyy2/status/1677291025587671040,1,#ChriStory
303,1,1,0,2023-07-07 18:47:53,@JakartaFairID,1677283290594816001,https://twitter.com/@JakartaFairID/status/1677283290594816001,1,#JakartaFair2023
304,1,1,0,2023-07-07 18:47:53,@JakartaFairID,1677283290594816001,https://twitter.com/@JakartaFairID/status/1677283290594816001,1,#JakartaFair
305,1,1,0,2023-07-07 18:47:53,@JakartaFairID,1677283290594816001,https://twitter.com/@JakartaFairID/status/1677283290594816001,1,#JakartaFair
318,0,0,0,2023-07-07 18:20:49,@_futarisaison,1677276478600515586,https://twitter.com/@_futarisaison/status/1677276478600515586,1,#ChriStory
323,0,0,0,2023-07-07 18:04:32,@dann_ishere,1677272380446744576,https://twitter.com/@dann_ishere/status/1677272380446744576,0,#FeniMail
325,0,0,0,2023-07-07 18:00:56,@krscrskrs,1677271474485481473,https://twitter.com/@krscrskrs/status/1677271474485481473,1,#Fenimail
328,0,0,0,2023-07-07 17:51:21,@pshfrmn16,1677269063259795456,https://twitter.com/@pshfrmn16/status/1677269063259795456,0,#christory
334,216,1,3,2023-07-07 17:43:20,@GraciasFans_INA,1677267045673754624,https://twitter.com/@GraciasFans_INA/status/1677267045673754624,1,#GREply
335,0,1,0,2023-07-07 17:40:03,@dingrahman,1677266220532535298,https://twitter.com/@dingrahman/status/1677266220532535298,1,#answerella
343,0,0,0,2023-07-07 17:10:21,@KyyAlf21,1677258746786103296,https://twitter.com/@KyyAlf21/status/1677258746786103296,1,#ChriStory
344,0,0,0,2023-07-07 17:06:43,@raxxywinz,1677257829412139015,https://twitter.com/@raxxywinz/status/1677257829412139015,1,#PeShan
345,0,0,0,2023-07-07 17:05:04,@rexusdre,1677257413706280960,https://twitter.com/@rexusdre/status/1677257413706280960,1,#PeShan
346,0,0,0,2023-07-07 17:03:27,@irullis,1677257008695898113,https://twitter.com/@irullis/status/1677257008695898113,1,#PeShan
349,0,0,0,2023-07-07 16:54:10,@yamasakitu,1677254670966992896,https://twitter.com/@yamasakitu/status/1677254670966992896,0,#prj
350,0,0,0,2023-07-07 16:54:10,@yamasakitu,1677254670966992896,https://twitter.com/@yamasakitu/status/1677254670966992896,0,#kuliner
356,0,0,0,2023-07-07 16:28:09,@arynishb_,1677248126573502465,https://twitter.com/@arynishb_/status/1677248126573502465,1,#UN1TYJakartaFair
357,0,0,0,2023-07-07 16:28:09,@arynishb_,1677248126573502465,https://twitter.com/@arynishb_/status/1677248126573502465,1,#UN1TYxTBA
358,0,0,0,2023-07-07 16:27:52,@sukmaSyf,1677248053915561984,https://twitter.com/@sukmaSyf/status/1677248053915561984,1,#PeShan
359,0,0,0,2023-07-07 16:27:16,@aku_koceng,1677247902782193664,https://twitter.com/@aku_koceng/status/1677247902782193664,1,#PeShan
360,0,0,0,2023-07-07 16:26:02,@JambuBiji08,1677247593750106112,https://twitter.com/@JambuBiji08/status/1677247593750106112,1,#PeShan
361,0,0,0,2023-07-07 16:25:50,@ilmanfrzhdyt,1677247542701203456,https://twitter.com/@ilmanfrzhdyt/status/1677247542701203456,1,#ChriStory
364,0,0,0,2023-07-07 16:16:41,@arynishb_,1677245239260766208,https://twitter.com/@arynishb_/status/1677245239260766208,1,#UN1TYJakartaFair
365,0,0,0,2023-07-07 16:16:41,@arynishb_,1677245239260766208,https://twitter.com/@arynishb_/status/1677245239260766208,1,#UN1TYxTBA
366,0,0,0,2023-07-07 16:16:23,@DiasAlfareza,1677245164807680000,https://twitter.com/@DiasAlfareza/status/1677245164807680000,1,#Peshan
369,0,0,0,2023-07-07 16:14:29,@eprill05,1677244685285494785,https://twitter.com/@eprill05/status/1677244685285494785,1,#PeShan
371,0,0,0,2023-07-07 16:13:05,@lolashna,1677244334624866305,https://twitter.com/@lolashna/status/1677244334624866305,1,#PeShan
372,0,0,0,2023-07-07 16:13:00,@jessiaddict,1677244313405898752,https://twitter.com/@jessiaddict/status/1677244313405898752,1,#JawabJeci
373,0,0,0,2023-07-07 16:12:12,@syddks_____,1677244112364511232,https://twitter.com/@syddks_____/status/1677244112364511232,0,#PeShan
374,1,0,0,2023-07-07 16:10:38,@aul_MT,1677243717722443778,https://twitter.com/@aul_MT/status/1677243717722443778,1,#ChriStory
375,1,1,0,2023-07-07 16:09:52,@chacha_stp,1677243522511171584,https://twitter.com/@chacha_stp/status/1677243522511171584,1,#PeShan
378,0,0,0,2023-07-07 16:08:42,@Nlutfiaeni6,1677243232647020545,https://twitter.com/@Nlutfiaeni6/status/1677243232647020545,1,#PeShan
379,0,0,0,2023-07-07 16:07:55,@5unshane_,1677243035107880960,https://twitter.com/@5unshane_/status/1677243035107880960,1,#PeShan
380,0,0,0,2023-07-07 16:07:36,@WrPecel,1677242952014516225,https://twitter.com/@WrPecel/status/1677242952014516225,1,#PeShan
381,1,0,0,2023-07-07 16:07:21,@kaedeharaaaa0,1677242891440394246,https://twitter.com/@kaedeharaaaa0/status/1677242891440394246,1,#jawabjeci
382,0,0,0,2023-07-07 16:06:36,@GryMust9802,1677242702541516801,https://twitter.com/@GryMust9802/status/1677242702541516801,1,#PeShan
385,0,0,0,2023-07-07 16:05:43,@WrPecel,1677242479672967169,https://twitter.com/@WrPecel/status/1677242479672967169,1,#ChriStory
386,0,0,0,2023-07-07 16:05:40,@marpelandfreya,1677242465538170880,https://twitter.com/@marpelandfreya/status/1677242465538170880,1,#PeShan
387,0,1,0,2023-07-07 16:05:18,@Nfayra1,1677242375067045888,https://twitter.com/@Nfayra1/status/1677242375067045888,1,#PeShan
388,0,0,0,2023-07-07 16:05:13,@AsrilAnhar11,1677242352564584450,https://twitter.com/@AsrilAnhar11/status/1677242352564584450,1,#peShan
389,0,0,0,2023-07-07 16:05:03,@Erwinnarif,1677242310734782465,https://twitter.com/@Erwinnarif/status/1677242310734782465,1,#ChriStory
390,0,0,0,2023-07-07 16:04:15,@tassynp,1677242112386162688,https://twitter.com/@tassynp/status/1677242112386162688,1,#PeShan
391,0,0,0,2023-07-07 16:03:37,@chasanfaqih_,1677241949538123776,https://twitter.com/@chasanfaqih_/status/1677241949538123776,1,#ChriStory
392,0,0,0,2023-07-07 16:02:59,@jawapang,1677241792838922241,https://twitter.com/@jawapang/status/1677241792838922241,1,#fenimail
393,3,0,0,2023-07-07 16:02:04,@piiaanthoni,1677241561070047232,https://twitter.com/@piiaanthoni/status/1677241561070047232,1,#ChriStory
394,0,0,0,2023-07-07 16:01:01,@JusufIqbal1,1677241298506625024,https://twitter.com/@JusufIqbal1/status/1677241298506625024,1,#AnswerElla
395,0,0,0,2023-07-07 16:01:00,@kitsurugi4,1677241294261993472,https://twitter.com/@kitsurugi4/status/1677241294261993472,0,#PeShan
396,0,0,0,2023-07-07 16:01:00,@sulthanjuli,1677241291976081414,https://twitter.com/@sulthanjuli/status/1677241291976081414,1,#PeShan
397,0,0,0,2023-07-07 16:00:58,@oshidino,1677241286510903298,https://twitter.com/@oshidino/status/1677241286510903298,1,#PeShan
398,0,0,0,2023-07-07 16:00:52,@someone_zen,1677241258442641408,https://twitter.com/@someone_zen/status/1677241258442641408,1,#christory
399,0,0,0,2023-07-07 16:00:18,@overushed,1677241117115564034,https://twitter.com/@overushed/status/1677241117115564034,1,#PeShan
400,0,0,0,2023-07-07 15:59:35,@garamasin18,1677240935523160066,https://twitter.com/@garamasin18/status/1677240935523160066,1,#christory
401,1,0,0,2023-07-07 15:59:29,@creamyyy04,1677240911984746496,https://twitter.com/@creamyyy04/status/1677240911984746496,1,#PeShan
402,0,0,0,2023-07-07 15:59:24,@ayy_mrshn,1677240888077197312,https://twitter.com/@ayy_mrshn/status/1677240888077197312,1,#PeShan
403,0,0,0,2023-07-07 15:59:19,@thepinkpiggy,1677240868334624769,https://twitter.com/@thepinkpiggy/status/1677240868334624769,1,#PeShan
405,0,0,0,2023-07-07 15:59:00,@silversky420,1677240787518783489,https://twitter.com/@silversky420/status/1677240787518783489,1,#ChriStory
407,0,0,0,2023-07-07 15:58:27,@aditpanji1,1677240652663492608,https://twitter.com/@aditpanji1/status/1677240652663492608,1,#AnswerElla
408,0,0,0,2023-07-07 15:58:17,@byedavin,1677240609831264257,https://twitter.com/@byedavin/status/1677240609831264257,1,#Peshan
409,0,0,0,2023-07-07 15:57:52,@TMbadru_,1677240503639883778,https://twitter.com/@TMbadru_/status/1677240503639883778,1,#ChriStory
410,1,1,0,2023-07-07 15:57:24,@andwellll,1677240386102898688,https://twitter.com/@andwellll/status/1677240386102898688,1,#answerella
411,0,0,0,2023-07-07 15:57:22,@putri_azaliamr,1677240377294872577,https://twitter.com/@putri_azaliamr/status/1677240377294872577,1,#PeShan
413,0,3,0,2023-07-07 15:37:55,@awesomemangas,1677235482105888768,https://twitter.com/@awesomemangas/status/1677235482105888768,0,#zonauang
425,0,0,0,2023-07-07 15:05:48,@Erwinnarif,1677227400411889666,https://twitter.com/@Erwinnarif/status/1677227400411889666,1,#FionyMail
443,10,5,2,2023-07-07 13:34:30,@JakartaFairID,1677204426803789825,https://twitter.com/@JakartaFairID/status/1677204426803789825,0,#JakartaFair2023
445,0,0,0,2023-07-07 13:23:05,@Maysyaroh_01,1677201551553863681,https://twitter.com/@Maysyaroh_01/status/1677201551553863681,0,#GREply
463,0,0,0,2023-07-07 12:01:04,@ShanSho_,1677180911593615360,https://twitter.com/@ShanSho_/status/1677180911593615360,0,#GREply
471,0,0,0,2023-07-07 11:35:06,@overushed,1677174375425126400,https://twitter.com/@overushed/status/1677174375425126400,1,#GREply
481,0,0,0,2023-07-07 11:21:04,@kalishaavr,1677170846367096832,https://twitter.com/@kalishaavr/status/1677170846367096832,1,#GREply
483,0,0,0,2023-07-07 11:18:30,@5unshane_,1677170199194406914,https://twitter.com/@5unshane_/status/1677170199194406914,1,#GREply
485,0,0,0,2023-07-07 11:17:27,@Rp_Jaff,1677169933757878272,https://twitter.com/@Rp_Jaff/status/1677169933757878272,1,#GrePly
498,1,1,0,2023-07-07 10:23:47,@gurezhe,1677156429940293638,https://twitter.com/@gurezhe/status/1677156429940293638,1,#Greply
505,0,0,0,2023-07-07 09:39:16,@gusaggnar,1677145226857824256,https://twitter.com/@gusaggnar/status/1677145226857824256,1,#SendToOlali
507,1,0,0,2023-07-07 09:36:56,@DagDigDugDeerr,1677144639827230720,https://twitter.com/@DagDigDugDeerr/status/1677144639827230720,1,#SendToOlali
521,0,2,0,2023-07-07 08:04:45,@wulanhartono178,1677121442406871041,https://twitter.com/@wulanhartono178/status/1677121442406871041,1,#TGIF
525,2,0,0,2023-07-07 07:13:41,@17avidsalim,1677108589620768768,https://twitter.com/@17avidsalim/status/1677108589620768768,0,#TGIFreday
565,0,1,0,2023-07-06 22:01:36,@Cecilliashfa,1676969651841155080,https://twitter.com/@Cecilliashfa/status/1676969651841155080,1,#prj
566,0,1,0,2023-07-06 22:01:36,@Cecilliashfa,1676969651841155080,https://twitter.com/@Cecilliashfa/status/1676969651841155080,1,#jastip
567,0,2,0,2023-07-06 22:00:53,@nanodoyie,1676969470919847936,https://twitter.com/@nanodoyie/status/1676969470919847936,1,#zonauang
568,0,2,0,2023-07-06 22:00:53,@nanodoyie,1676969470919847936,https://twitter.com/@nanodoyie/status/1676969470919847936,1,#Zonajajan
569,0,2,0,2023-07-06 22:00:53,@nanodoyie,1676969470919847936,https://twitter.com/@nanodoyie/status/1676969470919847936,1,#jastipvs
570,0,2,0,2023-07-06 22:00:53,@nanodoyie,1676969470919847936,https://twitter.com/@nanodoyie/status/1676969470919847936,1,#victoriasecret
571,0,2,0,2023-07-06 22:00:53,@nanodoyie,1676969470919847936,https://twitter.com/@nanodoyie/status/1676969470919847936,1,#shopee77
586,0,0,0,2023-07-06 21:05:40,@caramel54098482,1676955575249408000,https://twitter.com/@caramel54098482/status/1676955575249408000,1,#jkt48
595,3,0,0,2023-07-06 20:00:03,@JakartaFairID,1676939065315430402,https://twitter.com/@JakartaFairID/status/1676939065315430402,1,#JakartaFair2023
602,2,1,0,2023-07-06 19:36:11,@JakartaFairID,1676933058883391488,https://twitter.com/@JakartaFairID/status/1676933058883391488,1,#JakartaFair2023
615,0,2,0,2023-07-06 18:43:04,@conquerorxx0,1676919690906705921,https://twitter.com/@conquerorxx0/status/1676919690906705921,1,#prj
616,0,2,0,2023-07-06 18:43:04,@conquerorxx0,1676919690906705921,https://twitter.com/@conquerorxx0/status/1676919690906705921,1,#jakartafair
617,0,2,0,2023-07-06 18:43:04,@conquerorxx0,1676919690906705921,https://twitter.com/@conquerorxx0/status/1676919690906705921,1,#tba
618,0,2,0,2023-07-06 18:43:04,@conquerorxx0,1676919690906705921,https://twitter.com/@conquerorxx0/status/1676919690906705921,1,#bekasi
626,1,0,0,2023-07-06 17:47:06,@JakartaFairID,1676905605515329537,https://twitter.com/@JakartaFairID/status/1676905605515329537,1,#JakartaFair2023
628,1,0,0,2023-07-06 17:36:34,@JakartaFairID,1676902953918304256,https://twitter.com/@JakartaFairID/status/1676902953918304256,0,#JakartaFair
629,1,0,0,2023-07-06 17:36:34,@JakartaFairID,1676902953918304256,https://twitter.com/@JakartaFairID/status/1676902953918304256,0,#JakartaFair2023
647,1,0,0,2023-07-06 15:44:46,@JakartaFairID,1676874821639241730,https://twitter.com/@JakartaFairID/status/1676874821639241730,1,#JakartaFair2023
648,44,35,12,2023-07-06 15:35:45,@JakartaFairID,1676872552319418371,https://twitter.com/@JakartaFairID/status/1676872552319418371,1,#JakartaFair2023
661,0,3,0,2023-07-06 13:06:28,@ltwdewi,1676834983997243392,https://twitter.com/@ltwdewi/status/1676834983997243392,1,#zonauang
662,0,3,0,2023-07-06 13:06:28,@ltwdewi,1676834983997243392,https://twitter.com/@ltwdewi/status/1676834983997243392,1,#zonajajan
663,0,3,0,2023-07-06 13:06:28,@ltwdewi,1676834983997243392,https://twitter.com/@ltwdewi/status/1676834983997243392,1,#prj
664,0,3,0,2023-07-06 13:06:28,@ltwdewi,1676834983997243392,https://twitter.com/@ltwdewi/status/1676834983997243392,1,#pekanrayajakarta
672,1,0,0,2023-07-06 11:21:42,@bukanmeijunii,1676808617641787392,https://twitter.com/@bukanmeijunii/status/1676808617641787392,1,#zonauang
681,0,0,0,2023-07-06 10:23:22,@nayanapeach101,1676793935015059457,https://twitter.com/@nayanapeach101/status/1676793935015059457,0,#prj
682,0,0,0,2023-07-06 10:23:22,@nayanapeach101,1676793935015059457,https://twitter.com/@nayanapeach101/status/1676793935015059457,0,#jakartafair
687,2,0,0,2023-07-06 09:30:31,@JakartaFairID,1676780637905367040,https://twitter.com/@JakartaFairID/status/1676780637905367040,1,#JakartaFair
688,2,0,0,2023-07-06 09:30:31,@JakartaFairID,1676780637905367040,https://twitter.com/@JakartaFairID/status/1676780637905367040,1,#JakartaFair2023
689,2,0,0,2023-07-06 09:30:31,@JakartaFairID,1676780637905367040,https://twitter.com/@JakartaFairID/status/1676780637905367040,1,#JakartaFair
690,2,0,0,2023-07-06 09:30:31,@JakartaFairID,1676780637905367040,https://twitter.com/@JakartaFairID/status/1676780637905367040,1,#JakartaFair
691,1,0,0,2023-07-06 09:25:04,@JakartaFairID,1676779263318700032,https://twitter.com/@JakartaFairID/status/1676779263318700032,1,#JakartaFair2023
733,0,1,0,2023-07-05 22:55:19,·,1676620781609160708,https://twitter.com/·/status/1676620781609160708,0,#zonauangᅠ
751,0,4,0,2023-07-05 22:02:45,@wmoon_clown,1676607552526729217,https://twitter.com/@wmoon_clown/status/1676607552526729217,1,#zonauang
752,0,4,0,2023-07-05 22:02:45,@wmoon_clown,1676607552526729217,https://twitter.com/@wmoon_clown/status/1676607552526729217,1,#zonajajan
753,0,2,0,2023-07-05 21:57:51,@hell0raa,1676606319900389376,https://twitter.com/@hell0raa/status/1676606319900389376,1,#prj
754,0,2,0,2023-07-05 21:57:51,@hell0raa,1676606319900389376,https://twitter.com/@hell0raa/status/1676606319900389376,1,#jastipprj
783,0,2,0,2023-07-05 20:01:08,@sftniee,1676576950503227397,https://twitter.com/@sftniee/status/1676576950503227397,1,#zonauang
784,0,2,0,2023-07-05 20:01:08,@sftniee,1676576950503227397,https://twitter.com/@sftniee/status/1676576950503227397,1,#zonajajanᅠᅠᅠ
869,2,0,0,2023-07-05 09:22:38,@JakartaFairID,1676416266461126656,https://twitter.com/@JakartaFairID/status/1676416266461126656,0,#JakartaFair2023
870,2,0,0,2023-07-05 09:22:38,@JakartaFairID,1676416266461126656,https://twitter.com/@JakartaFairID/status/1676416266461126656,0,#JakartaFair
875,0,5,0,2023-07-05 07:34:56,@angkasarunika,1676389162835144704,https://twitter.com/@angkasarunika/status/1676389162835144704,1,#zonauang
910,0,0,0,2023-07-04 23:18:56,@wndran_,1676264340268421126,https://twitter.com/@wndran_/status/1676264340268421126,1,#prj
911,0,0,0,2023-07-04 23:18:56,@wndran_,1676264340268421126,https://twitter.com/@wndran_/status/1676264340268421126,1,#hphilang
925,0,3,0,2023-07-04 21:48:49,@pvsrant,1676241659930222595,https://twitter.com/@pvsrant/status/1676241659930222595,1,#jastip
926,0,3,0,2023-07-04 21:48:49,@pvsrant,1676241659930222595,https://twitter.com/@pvsrant/status/1676241659930222595,1,#prj
941,0,0,0,2023-07-04 20:39:09,@JakartaFairID,1676224129354317826,https://twitter.com/@JakartaFairID/status/1676224129354317826,1,#JakartaFair2023
943,0,0,0,2023-07-04 20:36:51,@JakartaFairID,1676223550506823682,https://twitter.com/@JakartaFairID/status/1676223550506823682,1,#JakartaFair2023
952,0,3,0,2023-07-04 20:00:15,@knifke,1676214338854727681,https://twitter.com/@knifke/status/1676214338854727681,0,#zonauang
994,0,0,0,2023-07-04 17:12:40,@nameiseka,1676172165639720961,https://twitter.com/@nameiseka/status/1676172165639720961,0,#prj
995,0,0,0,2023-07-04 17:12:40,@nameiseka,1676172165639720961,https://twitter.com/@nameiseka/status/1676172165639720961,0,#macet
1005,0,1,0,2023-07-04 16:13:11,@AwasAdaBOMB,1676157197091479552,https://twitter.com/@AwasAdaBOMB/status/1676157197091479552,1,#prj
1008,25,3,14,2023-07-04 15:58:23,@PT_Transjakarta,1676153470011973632,https://twitter.com/@PT_Transjakarta/status/1676153470011973632,0,#INFOTRANSJAKARTA
1013,0,0,0,2023-07-04 15:32:39,@JakartaFairID,1676146996368007168,https://twitter.com/@JakartaFairID/status/1676146996368007168,0,#JakartaFair2023
1021,0,0,0,2023-07-04 15:01:33,@bubuyuta_,1676139168873975808,https://twitter.com/@bubuyuta_/status/1676139168873975808,1,#SayaMauMelamarAnakOm
1032,0,1,0,2023-07-04 13:52:28,@JakartaFairID,1676121780665335808,https://twitter.com/@JakartaFairID/status/1676121780665335808,0,#JakartaFair2023
1055,0,0,0,2023-07-04 10:24:51,@JakartaFairID,1676069536062373888,https://twitter.com/@JakartaFairID/status/1676069536062373888,0,#JakartaFair
1056,0,0,0,2023-07-04 10:24:51,@JakartaFairID,1676069536062373888,https://twitter.com/@JakartaFairID/status/1676069536062373888,0,#JakartaFair2023
1069,0,0,0,2023-07-04 08:40:32,@IkehSodiq73362,1676043280348512256,https://twitter.com/@IkehSodiq73362/status/1676043280348512256,1,#BLACKPINKxBSTHydePark
1076,1,0,0,2023-07-04 03:29:09,@RidwanHusaini3,1675964918376583169,https://twitter.com/@RidwanHusaini3/status/1675964918376583169,1,#prj
1077,1,0,0,2023-07-04 03:29:09,@RidwanHusaini3,1675964918376583169,https://twitter.com/@RidwanHusaini3/status/1675964918376583169,1,#spgmayasi
1078,1,0,0,2023-07-04 03:29:09,@RidwanHusaini3,1675964918376583169,https://twitter.com/@RidwanHusaini3/status/1675964918376583169,1,#spg
1084,0,2,0,2023-07-04 02:05:45,@swittguurl,1675943931828375552,https://twitter.com/@swittguurl/status/1675943931828375552,0,#zonauang
1098,0,1,0,2023-07-03 23:53:19,@Brnaaaaa7,1675910602957684736,https://twitter.com/@Brnaaaaa7/status/1675910602957684736,0,#prjkemayoran
1099,0,1,0,2023-07-03 23:53:19,@Brnaaaaa7,1675910602957684736,https://twitter.com/@Brnaaaaa7/status/1675910602957684736,0,#bantuan
1100,0,1,0,2023-07-03 23:53:19,@Brnaaaaa7,1675910602957684736,https://twitter.com/@Brnaaaaa7/status/1675910602957684736,0,#wargatwitter
1101,0,1,0,2023-07-03 23:53:19,@Brnaaaaa7,1675910602957684736,https://twitter.com/@Brnaaaaa7/status/1675910602957684736,0,#hphilang
1102,0,1,0,2023-07-03 23:53:19,@Brnaaaaa7,1675910602957684736,https://twitter.com/@Brnaaaaa7/status/1675910602957684736,0,#wargame
1103,0,1,0,2023-07-03 23:53:19,@Brnaaaaa7,1675910602957684736,https://twitter.com/@Brnaaaaa7/status/1675910602957684736,0,#wargakpop
1104,0,1,0,2023-07-03 23:53:19,@Brnaaaaa7,1675910602957684736,https://twitter.com/@Brnaaaaa7/status/1675910602957684736,0,#wargaanime
1131,0,3,0,2023-07-03 21:56:01,@ItsMeHelena02,1675881085224493056,https://twitter.com/@ItsMeHelena02/status/1675881085224493056,0,#zonauang
1137,1,0,1,2023-07-03 21:36:59,@kay__k13,1675876294830206981,https://twitter.com/@kay__k13/status/1675876294830206981,1,#태용버블
1138,1,0,1,2023-07-03 21:36:59,@kay__k13,1675876294830206981,https://twitter.com/@kay__k13/status/1675876294830206981,1,#툥블답장
1188,0,1,0,2023-07-03 18:59:29,@JakartaFairID,1675836658665807872,https://twitter.com/@JakartaFairID/status/1675836658665807872,0,#JakartaFair2023
1209,0,2,0,2023-07-03 17:23:13,@ve_nnty,1675812432462364672,https://twitter.com/@ve_nnty/status/1675812432462364672,1,#zonauang
1223,0,4,0,2023-07-03 16:05:13,@nayuta0112,1675792804021440512,https://twitter.com/@nayuta0112/status/1675792804021440512,0,#openjastip
1224,0,4,0,2023-07-03 16:05:13,@nayuta0112,1675792804021440512,https://twitter.com/@nayuta0112/status/1675792804021440512,0,#prj
1269,2,0,0,2023-07-03 11:46:16,@JakartaFairID,1675727634309976065,https://twitter.com/@JakartaFairID/status/1675727634309976065,1,#JakartaFair
1270,2,0,0,2023-07-03 11:46:16,@JakartaFairID,1675727634309976065,https://twitter.com/@JakartaFairID/status/1675727634309976065,1,#JakartaFair2023
1283,0,0,0,2023-07-03 10:41:40,@jastipbyminee,1675711378974461952,https://twitter.com/@jastipbyminee/status/1675711378974461952,0,#zonauang
1284,0,0,0,2023-07-03 10:41:40,@jastipbyminee,1675711378974461952,https://twitter.com/@jastipbyminee/status/1675711378974461952,0,#jastipprj
1306,0,2,0,2023-07-03 06:13:04,@yyoziee,1675643781847355392,https://twitter.com/@yyoziee/status/1675643781847355392,1,#zonauang
1348,0,6,0,2023-07-02 22:04:43,@baeyeonyxx,1675520887637041154,https://twitter.com/@baeyeonyxx/status/1675520887637041154,1,#zonauang
1447,0,0,0,2023-07-02 15:04:18,@rruonans,1675415086452846592,https://twitter.com/@rruonans/status/1675415086452846592,1,#zonauang
1456,0,2,0,2023-07-02 14:42:10,@sukapermmen,1675409516127748096,https://twitter.com/@sukapermmen/status/1675409516127748096,1,#zonauang
1457,0,2,0,2023-07-02 14:42:10,@sukapermmen,1675409516127748096,https://twitter.com/@sukapermmen/status/1675409516127748096,1,#zonajajan
1458,0,2,0,2023-07-02 14:42:10,@sukapermmen,1675409516127748096,https://twitter.com/@sukapermmen/status/1675409516127748096,1,#prj
1459,0,2,0,2023-07-02 14:42:10,@sukapermmen,1675409516127748096,https://twitter.com/@sukapermmen/status/1675409516127748096,1,#jastip
1518,0,0,0,2023-07-02 09:58:06,@JakartaFairID,1675338026845868032,https://twitter.com/@JakartaFairID/status/1675338026845868032,1,#JakartaFair2023
1538,0,1,0,2023-07-02 08:14:43,@dnrencoty,1675312010224082944,https://twitter.com/@dnrencoty/status/1675312010224082944,0,#zonauang
1656,0,0,0,2023-07-01 18:51:56,@JakartaFairID,1675109981513990145,https://twitter.com/@JakartaFairID/status/1675109981513990145,0,#JakartaFair2023
1660,3,1,0,2023-07-01 18:43:56,@JakartaFairID,1675107970324250624,https://twitter.com/@JakartaFairID/status/1675107970324250624,1,#JakartaFair2023
1661,3,1,0,2023-07-01 18:43:56,@JakartaFairID,1675107970324250624,https://twitter.com/@JakartaFairID/status/1675107970324250624,1,#JakartaFair2023
1670,3,0,0,2023-07-01 18:14:10,@PT_Transjakarta,1675100478684954624,https://twitter.com/@PT_Transjakarta/status/1675100478684954624,0,#INFOTRANSJAKARTA
1671,3,0,0,2023-07-01 18:14:10,@PT_Transjakarta,1675100478684954624,https://twitter.com/@PT_Transjakarta/status/1675100478684954624,0,#JAKI
1672,3,0,0,2023-07-01 18:14:10,@PT_Transjakarta,1675100478684954624,https://twitter.com/@PT_Transjakarta/status/1675100478684954624,0,#PerluTahu
1736,0,0,0,2023-07-01 15:05:25,@Keziamarg,1675052979077128192,https://twitter.com/@Keziamarg/status/1675052979077128192,1,#zonauang
1740,0,0,0,2023-07-01 14:49:52,@justixwj,1675049062775799809,https://twitter.com/@justixwj/status/1675049062775799809,0,#jakartafair
1741,0,0,0,2023-07-01 14:49:52,@justixwj,1675049062775799809,https://twitter.com/@justixwj/status/1675049062775799809,0,#prjkemayoran
1785,0,0,0,2023-07-01 12:23:07,@rita_andar,1675012135045451778,https://twitter.com/@rita_andar/status/1675012135045451778,1,#lastchild
1786,0,0,0,2023-07-01 12:23:07,@rita_andar,1675012135045451778,https://twitter.com/@rita_andar/status/1675012135045451778,1,#prj
1787,0,0,0,2023-07-01 12:23:07,@rita_andar,1675012135045451778,https://twitter.com/@rita_andar/status/1675012135045451778,1,#jexpo
1831,0,0,0,2023-07-01 08:37:08,@JakartaFairID,1674955262376173574,https://twitter.com/@JakartaFairID/status/1674955262376173574,1,#JakartaFair2023
1838,0,0,0,2023-07-01 07:20:44,@jastipragil,1674936035338485760,https://twitter.com/@jastipragil/status/1674936035338485760,1,#zonauang
1839,0,0,0,2023-07-01 07:20:44,@jastipragil,1674936035338485760,https://twitter.com/@jastipragil/status/1674936035338485760,1,#zonajajan
1857,0,0,0,2023-06-30 23:58:34,@JakartaFairID,1674824763154505734,https://twitter.com/@JakartaFairID/status/1674824763154505734,1,#JakartaFair2023
1858,0,0,0,2023-06-30 23:58:34,@JakartaFairID,1674824763154505734,https://twitter.com/@JakartaFairID/status/1674824763154505734,1,#JakartaFair
1912,1,0,0,2023-06-30 21:00:35,@prifcey,1674779969929760771,https://twitter.com/@prifcey/status/1674779969929760771,1,#zonauang
1913,1,0,0,2023-06-30 21:00:35,@prifcey,1674779969929760771,https://twitter.com/@prifcey/status/1674779969929760771,1,#zonajajan
1914,1,0,0,2023-06-30 21:00:35,@prifcey,1674779969929760771,https://twitter.com/@prifcey/status/1674779969929760771,1,#zonaba
1981,0,5,0,2023-06-30 18:07:13,@vocaation,1674736340444024833,https://twitter.com/@vocaation/status/1674736340444024833,1,#zonauang
1982,0,5,0,2023-06-30 18:07:13,@vocaation,1674736340444024833,https://twitter.com/@vocaation/status/1674736340444024833,1,#zonajajan
1983,0,5,0,2023-06-30 18:07:13,@vocaation,1674736340444024833,https://twitter.com/@vocaation/status/1674736340444024833,1,#zonabeli
2002,0,1,1,2023-06-30 16:26:57,@JakartaFairID,1674711109994156035,https://twitter.com/@JakartaFairID/status/1674711109994156035,0,#JakartaFair2023
2027,0,1,0,2023-06-30 14:11:30,@jastipbyminee,1674677020398321664,https://twitter.com/@jastipbyminee/status/1674677020398321664,1,#zonauang
2028,0,3,0,2023-06-30 13:53:57,@derryharukaze,1674672602508574722,https://twitter.com/@derryharukaze/status/1674672602508574722,1,#guyonwaton
2061,0,0,0,2023-06-30 10:27:43,@JakartaFairID,1674620703247847426,https://twitter.com/@JakartaFairID/status/1674620703247847426,1,#JakartaFair2023
2062,0,0,0,2023-06-30 10:27:43,@JakartaFairID,1674620703247847426,https://twitter.com/@JakartaFairID/status/1674620703247847426,1,#JakartaFair2023
2086,0,0,0,2023-06-30 08:01:39,@JakartaFairID,1674583945823019010,https://twitter.com/@JakartaFairID/status/1674583945823019010,1,#JakartaFair2023
2087,0,0,0,2023-06-30 08:01:39,@JakartaFairID,1674583945823019010,https://twitter.com/@JakartaFairID/status/1674583945823019010,1,#JakartaFair
2088,0,0,0,2023-06-30 08:01:39,@JakartaFairID,1674583945823019010,https://twitter.com/@JakartaFairID/status/1674583945823019010,1,#JakartaFair2023
2089,0,0,0,2023-06-30 08:01:39,@JakartaFairID,1674583945823019010,https://twitter.com/@JakartaFairID/status/1674583945823019010,1,#JFK
2160,0,1,0,2023-06-29 21:52:46,@ibelllll_,1674430716632002566,https://twitter.com/@ibelllll_/status/1674430716632002566,1,#jastip
2161,0,1,0,2023-06-29 21:52:46,@ibelllll_,1674430716632002566,https://twitter.com/@ibelllll_/status/1674430716632002566,1,#jastipprj
2172,0,0,0,2023-06-29 21:31:48,@JakartaFairID,1674425438997983235,https://twitter.com/@JakartaFairID/status/1674425438997983235,1,#JakartaFair2023
2173,0,0,0,2023-06-29 21:31:48,@JakartaFairID,1674425438997983235,https://twitter.com/@JakartaFairID/status/1674425438997983235,1,#JakartaFair2023
2183,1,0,0,2023-06-29 20:50:38,@bithv__,1674415076735090691,https://twitter.com/@bithv__/status/1674415076735090691,0,#lokerprj
2223,0,0,0,2023-06-29 19:13:22,@JakartaFairID,1674390602350489600,https://twitter.com/@JakartaFairID/status/1674390602350489600,0,#JakartaFair2023
2224,0,0,0,2023-06-29 19:13:22,@JakartaFairID,1674390602350489600,https://twitter.com/@JakartaFairID/status/1674390602350489600,0,#JakartaFair
2261,0,0,0,2023-06-29 17:25:21,@chia20401,1674363417594036224,https://twitter.com/@chia20401/status/1674363417594036224,0,#thanks
2262,0,0,0,2023-06-29 17:25:21,@chia20401,1674363417594036224,https://twitter.com/@chia20401/status/1674363417594036224,0,#prj
2263,0,0,0,2023-06-29 17:25:21,@chia20401,1674363417594036224,https://twitter.com/@chia20401/status/1674363417594036224,0,#bayi
2264,0,0,0,2023-06-29 17:25:21,@chia20401,1674363417594036224,https://twitter.com/@chia20401/status/1674363417594036224,0,#prj2023
2287,19,0,0,2023-06-29 15:59:28,@profilneed,1674341803716386817,https://twitter.com/@profilneed/status/1674341803716386817,1,#zonauang
2303,0,0,0,2023-06-29 15:01:43,@hatikoklemah,1674327270658555905,https://twitter.com/@hatikoklemah/status/1674327270658555905,1,#prj
2322,10,23,5,2023-06-29 13:55:13,@PT_Transjakarta,1674310536341905409,https://twitter.com/@PT_Transjakarta/status/1674310536341905409,0,#INFOTRANSJAKARTA
2323,10,23,5,2023-06-29 13:55:13,@PT_Transjakarta,1674310536341905409,https://twitter.com/@PT_Transjakarta/status/1674310536341905409,0,#JAKI
2324,10,23,5,2023-06-29 13:55:13,@PT_Transjakarta,1674310536341905409,https://twitter.com/@PT_Transjakarta/status/1674310536341905409,0,#PerluTahu
2334,0,0,0,2023-06-29 13:10:14,@saturneost,1674299215907028993,https://twitter.com/@saturneost/status/1674299215907028993,1,#jastip
2335,0,0,0,2023-06-29 13:10:14,@saturneost,1674299215907028993,https://twitter.com/@saturneost/status/1674299215907028993,1,#zonauang
2344,0,0,0,2023-06-29 12:30:41,@nunarenjuun,1674289261657604101,https://twitter.com/@nunarenjuun/status/1674289261657604101,1,#hemattenagauntukwar
2350,0,6,0,2023-06-29 12:10:41,@xyeozun,1674284228647993344,https://twitter.com/@xyeozun/status/1674284228647993344,0,#zonauang
2351,0,6,0,2023-06-29 12:10:41,@xyeozun,1674284228647993344,https://twitter.com/@xyeozun/status/1674284228647993344,0,#zonajajan
2365,0,1,0,2023-06-29 10:02:11,@lacaille00,1674251889922408448,https://twitter.com/@lacaille00/status/1674251889922408448,1,#zonauang
2371,0,0,0,2023-06-29 09:26:28,@JakartaFairID,1674242901495410688,https://twitter.com/@JakartaFairID/status/1674242901495410688,1,#JakartaFair2023
2372,0,0,0,2023-06-29 09:26:28,@JakartaFairID,1674242901495410688,https://twitter.com/@JakartaFairID/status/1674242901495410688,1,#JakartaFair
2377,0,0,0,2023-06-29 08:45:36,@JakartaFairID,1674232616990687233,https://twitter.com/@JakartaFairID/status/1674232616990687233,1,#JakartaFair2023
2378,0,0,0,2023-06-29 08:45:36,@JakartaFairID,1674232616990687233,https://twitter.com/@JakartaFairID/status/1674232616990687233,1,#JakartaFair2023
2381,0,0,0,2023-06-29 08:13:48,@taeeberryyy,1674224613558190080,https://twitter.com/@taeeberryyy/status/1674224613558190080,0,#zonauang
2435,720,54,34,2023-06-28 21:36:10,@MichaJourney,1674064149070970882,https://twitter.com/@MichaJourney/status/1674064149070970882,0,#JotBaikPleaseMichaVerifStsGita
2442,0,1,0,2023-06-28 21:21:43,@ciciiiaw,1674060512777175041,https://twitter.com/@ciciiiaw/status/1674060512777175041,1,#zonauang
2452,0,0,0,2023-06-28 21:00:14,@auwrey25,1674055107481157632,https://twitter.com/@auwrey25/status/1674055107481157632,0,#jakartafair2023
2453,0,0,0,2023-06-28 21:00:14,@auwrey25,1674055107481157632,https://twitter.com/@auwrey25/status/1674055107481157632,0,#Jakarta
2454,0,0,0,2023-06-28 21:00:14,@auwrey25,1674055107481157632,https://twitter.com/@auwrey25/status/1674055107481157632,0,#prj
2455,0,0,0,2023-06-28 21:00:14,@auwrey25,1674055107481157632,https://twitter.com/@auwrey25/status/1674055107481157632,0,#jastip
2456,0,0,0,2023-06-28 21:00:14,@auwrey25,1674055107481157632,https://twitter.com/@auwrey25/status/1674055107481157632,0,#jakartainfo
2457,0,0,0,2023-06-28 21:00:14,@auwrey25,1674055107481157632,https://twitter.com/@auwrey25/status/1674055107481157632,0,#jastipjakarta
2491,0,0,0,2023-06-28 18:51:22,@As_Syeefa,1674022675226968064,https://twitter.com/@As_Syeefa/status/1674022675226968064,1,#FreyTalk
2499,0,0,0,2023-06-28 18:21:46,@937fun_,1674015225740414977,https://twitter.com/@937fun_/status/1674015225740414977,0,#freytalk
2536,0,0,0,2023-06-28 15:31:23,@en0wla,1673972349853638656,https://twitter.com/@en0wla/status/1673972349853638656,1,#ardhito
2537,0,0,0,2023-06-28 15:31:23,@en0wla,1673972349853638656,https://twitter.com/@en0wla/status/1673972349853638656,1,#raisa
2592,0,3,0,2023-06-28 11:43:48,@suzanauliaa,1673915076716417025,https://twitter.com/@suzanauliaa/status/1673915076716417025,1,#tiketprj
2593,0,3,0,2023-06-28 11:43:48,@suzanauliaa,1673915076716417025,https://twitter.com/@suzanauliaa/status/1673915076716417025,1,#konsertheadams
2594,0,3,0,2023-06-28 11:43:48,@suzanauliaa,1673915076716417025,https://twitter.com/@suzanauliaa/status/1673915076716417025,1,#prj
2595,0,3,0,2023-06-28 11:43:48,@suzanauliaa,1673915076716417025,https://twitter.com/@suzanauliaa/status/1673915076716417025,1,#theupstairs
2596,0,3,0,2023-06-28 11:43:48,@suzanauliaa,1673915076716417025,https://twitter.com/@suzanauliaa/status/1673915076716417025,1,#thesigit
2652,0,2,0,2023-06-28 00:15:37,@puuchan07,1673741889491861505,https://twitter.com/@puuchan07/status/1673741889491861505,0,#zonajajan
2653,0,2,0,2023-06-28 00:15:37,@puuchan07,1673741889491861505,https://twitter.com/@puuchan07/status/1673741889491861505,0,#zonauang
2654,0,2,0,2023-06-28 00:15:37,@puuchan07,1673741889491861505,https://twitter.com/@puuchan07/status/1673741889491861505,0,#zonaBU
2655,0,2,0,2023-06-28 00:15:37,@puuchan07,1673741889491861505,https://twitter.com/@puuchan07/status/1673741889491861505,0,#zonaba
2742,0,0,0,2023-06-27 19:45:22,@bubuyuta_,1673673879477186560,https://twitter.com/@bubuyuta_/status/1673673879477186560,1,#prj
2743,0,0,0,2023-06-27 19:45:22,@bubuyuta_,1673673879477186560,https://twitter.com/@bubuyuta_/status/1673673879477186560,1,#jastipprj
2744,0,0,0,2023-06-27 19:45:22,@bubuyuta_,1673673879477186560,https://twitter.com/@bubuyuta_/status/1673673879477186560,1,#murah
2818,0,0,0,2023-06-27 15:25:46,@blithsomes,1673608545940688898,https://twitter.com/@blithsomes/status/1673608545940688898,0,#tmi
2868,0,0,0,2023-06-27 12:32:21,@bubuyuta_,1673564904991883264,https://twitter.com/@bubuyuta_/status/1673564904991883264,1,#prj
2899,0,0,0,2023-06-27 10:27:30,@itlumnikufesin,1673533487146733569,https://twitter.com/@itlumnikufesin/status/1673533487146733569,0,#MissUPapa
3108,0,0,0,2023-06-26 20:31:00,@byndradio_,1673322972646621184,https://twitter.com/@byndradio_/status/1673322972646621184,0,#SESI
3306,0,0,0,2023-06-26 13:38:24,@Jtzen_Malang9,1673219140952420353,https://twitter.com/@Jtzen_Malang9/status/1673219140952420353,0,#PerumnasdiPRJ
3307,0,0,0,2023-06-26 13:38:24,@Jtzen_Malang9,1673219140952420353,https://twitter.com/@Jtzen_Malang9/status/1673219140952420353,0,#BeraniBeliRumah
3308,0,0,0,2023-06-26 13:38:24,@Jtzen_Malang9,1673219140952420353,https://twitter.com/@Jtzen_Malang9/status/1673219140952420353,0,#Perumnas
3309,0,0,0,2023-06-26 13:38:24,@Jtzen_Malang9,1673219140952420353,https://twitter.com/@Jtzen_Malang9/status/1673219140952420353,0,#PasBuatMilenial
3316,0,0,0,2023-06-26 13:06:49,@Usahaku11,1673211191672573952,https://twitter.com/@Usahaku11/status/1673211191672573952,0,#zonajastip
3317,0,0,0,2023-06-26 13:06:49,@Usahaku11,1673211191672573952,https://twitter.com/@Usahaku11/status/1673211191672573952,0,#zonauang
3319,0,2,0,2023-06-26 13:02:36,@chiffonkue,1673210130551422977,https://twitter.com/@chiffonkue/status/1673210130551422977,1,#zonauangᅠ
3320,0,2,0,2023-06-26 13:02:36,@chiffonkue,1673210130551422977,https://twitter.com/@chiffonkue/status/1673210130551422977,1,#pekanrayajakarta
3321,0,2,0,2023-06-26 13:02:36,@chiffonkue,1673210130551422977,https://twitter.com/@chiffonkue/status/1673210130551422977,1,#prj
3339,0,1,0,2023-06-26 11:36:30,@bubuyuta_,1673188464341430274,https://twitter.com/@bubuyuta_/status/1673188464341430274,0,#UTBK
3340,0,1,0,2023-06-26 11:36:30,@bubuyuta_,1673188464341430274,https://twitter.com/@bubuyuta_/status/1673188464341430274,0,#PekanRayaJakarta
3365,0,0,0,2023-06-26 09:41:07,@keranjang99,1673159427481042944,https://twitter.com/@keranjang99/status/1673159427481042944,1,#zonauang
3368,0,0,0,2023-06-26 09:25:45,@arumark_,1673155556469772288,https://twitter.com/@arumark_/status/1673155556469772288,1,#info
3427,0,5,0,2023-06-25 23:29:45,@zwitjsal,1673005569001795585,https://twitter.com/@zwitjsal/status/1673005569001795585,1,#zonauang
3530,0,0,0,2023-06-25 20:22:17,@ngenzot,1672958391558471691,https://twitter.com/@ngenzot/status/1672958391558471691,0,#menyesal
3562,0,2,0,2023-06-25 19:08:58,@rysaa26,1672939940974592002,https://twitter.com/@rysaa26/status/1672939940974592002,1,#zonauang
3622,0,0,0,2023-06-25 17:07:28,@edogyawa,1672909366209712129,https://twitter.com/@edogyawa/status/1672909366209712129,1,#notdaddyissues
3635,0,8,0,2023-06-25 16:45:32,@jxsungchan,1672903846828589056,https://twitter.com/@jxsungchan/status/1672903846828589056,0,#zonauang
3663,0,0,0,2023-06-25 15:42:12,@Bulog_Sarko,1672887908397895680,https://twitter.com/@Bulog_Sarko/status/1672887908397895680,1,#PerumnasdiPRJ
3664,0,0,0,2023-06-25 15:42:12,@Bulog_Sarko,1672887908397895680,https://twitter.com/@Bulog_Sarko/status/1672887908397895680,1,#BeraniBeliRumah
3665,0,0,0,2023-06-25 15:42:12,@Bulog_Sarko,1672887908397895680,https://twitter.com/@Bulog_Sarko/status/1672887908397895680,1,#Perumnas
3666,0,0,0,2023-06-25 15:42:12,@Bulog_Sarko,1672887908397895680,https://twitter.com/@Bulog_Sarko/status/1672887908397895680,1,#PasBuatMilenial
3680,0,6,0,2023-06-25 15:00:57,@nowikill,1672877527927517184,https://twitter.com/@nowikill/status/1672877527927517184,1,#zonajajan
3681,0,6,0,2023-06-25 15:00:57,@nowikill,1672877527927517184,https://twitter.com/@nowikill/status/1672877527927517184,1,#zonauang
3682,0,6,0,2023-06-25 15:00:57,@nowikill,1672877527927517184,https://twitter.com/@nowikill/status/1672877527927517184,1,#prj
3736,0,0,0,2023-06-25 12:51:37,@Madidykaylanoah,1672844977603489792,https://twitter.com/@Madidykaylanoah/status/1672844977603489792,0,#prj
3737,0,0,0,2023-06-25 12:51:37,@Madidykaylanoah,1672844977603489792,https://twitter.com/@Madidykaylanoah/status/1672844977603489792,0,#pekanrayajakarta2023
3763,0,1,0,2023-06-25 11:36:55,@kgserick,1672826180637200386,https://twitter.com/@kgserick/status/1672826180637200386,0,#PRJ
3817,0,0,0,2023-06-25 09:22:18,@averodhite,1672792300655890432,https://twitter.com/@averodhite/status/1672792300655890432,1,#prj
3818,0,0,0,2023-06-25 09:22:18,@averodhite,1672792300655890432,https://twitter.com/@averodhite/status/1672792300655890432,1,#hutjakarta
3866,0,0,0,2023-06-25 00:54:32,@ScarySony,1672664519733301248,https://twitter.com/@ScarySony/status/1672664519733301248,1,#PRJ
4209,10,0,5,2023-06-24 15:37:20,@PT_Transjakarta,1672524292662370307,https://twitter.com/@PT_Transjakarta/status/1672524292662370307,0,#INFOTRANSJAKARTA
4210,10,0,5,2023-06-24 15:37:20,@PT_Transjakarta,1672524292662370307,https://twitter.com/@PT_Transjakarta/status/1672524292662370307,0,#JAKI
4211,10,0,5,2023-06-24 15:37:20,@PT_Transjakarta,1672524292662370307,https://twitter.com/@PT_Transjakarta/status/1672524292662370307,0,#perlutahu
4239,0,1,0,2023-06-24 14:32:27,@Riosupergrande,1672507965906235392,https://twitter.com/@Riosupergrande/status/1672507965906235392,1,#PRJ
4240,0,1,0,2023-06-24 14:32:27,@Riosupergrande,1672507965906235392,https://twitter.com/@Riosupergrande/status/1672507965906235392,1,#PRJpayah
4432,0,1,0,2023-06-23 22:44:19,@laveplum,1672269359245557762,https://twitter.com/@laveplum/status/1672269359245557762,1,#zonajajan
4433,0,1,0,2023-06-23 22:44:19,@laveplum,1672269359245557762,https://twitter.com/@laveplum/status/1672269359245557762,1,#zonauangᅠ
4505,0,0,0,2023-06-23 19:34:08,@JakartaFairID,1672221498147471361,https://twitter.com/@JakartaFairID/status/1672221498147471361,1,#JakartaFair2023
4674,0,0,0,2023-06-23 11:09:57,@BUMN_Semarang,1672094618526310400,https://twitter.com/@BUMN_Semarang/status/1672094618526310400,1,#PerumnasdiPRJ
4675,0,0,0,2023-06-23 11:09:57,@BUMN_Semarang,1672094618526310400,https://twitter.com/@BUMN_Semarang/status/1672094618526310400,1,#BeraniBeliRumah
4676,0,0,0,2023-06-23 11:09:57,@BUMN_Semarang,1672094618526310400,https://twitter.com/@BUMN_Semarang/status/1672094618526310400,1,#Perumnas
4677,0,0,0,2023-06-23 11:09:57,@BUMN_Semarang,1672094618526310400,https://twitter.com/@BUMN_Semarang/status/1672094618526310400,1,#PasBuatMilenial
4692,0,0,0,2023-06-23 10:11:47,@RadioMercuBuana,1672079981365833728,https://twitter.com/@RadioMercuBuana/status/1672079981365833728,0,#HappyMorning
4701,0,0,0,2023-06-23 09:29:39,@b_siglihebat,1672069375392911361,https://twitter.com/@b_siglihebat/status/1672069375392911361,0,#PerumnasdiPRJ
4702,0,0,0,2023-06-23 09:29:39,@b_siglihebat,1672069375392911361,https://twitter.com/@b_siglihebat/status/1672069375392911361,0,#BeraniBeliRumah
4703,0,0,0,2023-06-23 09:29:39,@b_siglihebat,1672069375392911361,https://twitter.com/@b_siglihebat/status/1672069375392911361,0,#Perumnas
4704,0,0,0,2023-06-23 09:29:39,@b_siglihebat,1672069375392911361,https://twitter.com/@b_siglihebat/status/1672069375392911361,0,#PasBuatMilenial
4795,0,0,0,2023-06-22 23:02:41,@aprlmaple,1671911593767227392,https://twitter.com/@aprlmaple/status/1671911593767227392,1,#zonauang
4796,0,0,0,2023-06-22 23:02:41,@aprlmaple,1671911593767227392,https://twitter.com/@aprlmaple/status/1671911593767227392,1,#zonaba
4902,0,3,0,2023-06-22 18:31:04,@matchaxlee,1671843238460948482,https://twitter.com/@matchaxlee/status/1671843238460948482,0,#zonauang
4903,0,3,0,2023-06-22 18:31:04,@matchaxlee,1671843238460948482,https://twitter.com/@matchaxlee/status/1671843238460948482,0,#zonaba
4906,0,0,0,2023-06-22 18:23:04,@FindMyGadget,1671841227141177346,https://twitter.com/@FindMyGadget/status/1671841227141177346,1,#zonauang
4915,0,1,0,2023-06-22 17:48:15,@ResiCaroko,1671832466741669889,https://twitter.com/@ResiCaroko/status/1671832466741669889,1,#Jakarta496
4916,0,1,0,2023-06-22 17:48:15,@ResiCaroko,1671832466741669889,https://twitter.com/@ResiCaroko/status/1671832466741669889,1,#JakartaFair
4930,0,0,0,2023-06-22 17:13:33,@BUMN_LAMPUNG,1671823733202513922,https://twitter.com/@BUMN_LAMPUNG/status/1671823733202513922,1,#PerumnasdiPRJ
4931,0,0,0,2023-06-22 17:13:33,@BUMN_LAMPUNG,1671823733202513922,https://twitter.com/@BUMN_LAMPUNG/status/1671823733202513922,1,#BeraniBeliRumah
4932,0,0,0,2023-06-22 17:13:33,@BUMN_LAMPUNG,1671823733202513922,https://twitter.com/@BUMN_LAMPUNG/status/1671823733202513922,1,#Perumnas
4933,0,0,0,2023-06-22 17:13:33,@BUMN_LAMPUNG,1671823733202513922,https://twitter.com/@BUMN_LAMPUNG/status/1671823733202513922,1,#PasBuatMilenial
4976,0,1,0,2023-06-22 13:52:30,@infokost,1671773138361937921,https://twitter.com/@infokost/status/1671773138361937921,0,#HUTJakarta496
4989,0,0,0,2023-06-22 12:28:32,@itsmeterre,1671752004639809536,https://twitter.com/@itsmeterre/status/1671752004639809536,0,#hutjakarta
5083,0,0,0,2023-06-21 22:41:57,@infomacet,1671543987931611136,https://twitter.com/@infomacet/status/1671543987931611136,0,#Kemayoran
5174,0,0,0,2023-06-21 17:27:58,@bubuyuta_,1671464972331937792,https://twitter.com/@bubuyuta_/status/1671464972331937792,1,#nanas
5175,0,0,0,2023-06-21 17:27:58,@bubuyuta_,1671464972331937792,https://twitter.com/@bubuyuta_/status/1671464972331937792,1,#Rendy
5176,0,0,0,2023-06-21 17:27:58,@bubuyuta_,1671464972331937792,https://twitter.com/@bubuyuta_/status/1671464972331937792,1,#syahnaz
5177,0,0,0,2023-06-21 17:27:58,@bubuyuta_,1671464972331937792,https://twitter.com/@bubuyuta_/status/1671464972331937792,1,#pekanrayajakarta
5194,1,0,0,2023-06-21 15:19:26,@nayaaseu,1671432624693460994,https://twitter.com/@nayaaseu/status/1671432624693460994,1,#zonauang
5240,1,0,0,2023-06-21 10:02:18,@alleninluv,1671352815535689728,https://twitter.com/@alleninluv/status/1671352815535689728,1,#zonauangᅠᅠ
5381,1,3,0,2023-06-20 20:09:35,@syalaagumi,1671143258821636096,https://twitter.com/@syalaagumi/status/1671143258821636096,1,#zonauang
5382,1,3,0,2023-06-20 20:09:35,@syalaagumi,1671143258821636096,https://twitter.com/@syalaagumi/status/1671143258821636096,1,#zonaba
5383,1,3,0,2023-06-20 20:09:35,@syalaagumi,1671143258821636096,https://twitter.com/@syalaagumi/status/1671143258821636096,1,#Zonajajan
5432,0,1,0,2023-06-20 18:19:10,@xoxosolf,1671115470743932929,https://twitter.com/@xoxosolf/status/1671115470743932929,1,#PRJ
5433,0,1,0,2023-06-20 18:19:10,@xoxosolf,1671115470743932929,https://twitter.com/@xoxosolf/status/1671115470743932929,1,#pekanrayajakarta
5434,0,1,0,2023-06-20 18:19:10,@xoxosolf,1671115470743932929,https://twitter.com/@xoxosolf/status/1671115470743932929,1,#prj2023
5435,0,0,0,2023-06-20 18:18:23,@neifelibata,1671115273687146500,https://twitter.com/@neifelibata/status/1671115273687146500,1,#ᙓʋɩᥱ
5443,0,0,0,2023-06-20 17:51:30,@altctrlok,1671108507016499200,https://twitter.com/@altctrlok/status/1671108507016499200,1,#idolyfepanaroma
5495,0,2,0,2023-06-20 13:47:18,@kaksoeryo,1671047050530799616,https://twitter.com/@kaksoeryo/status/1671047050530799616,1,#prj
5496,0,2,0,2023-06-20 13:47:18,@kaksoeryo,1671047050530799616,https://twitter.com/@kaksoeryo/status/1671047050530799616,1,#jakartafair
5497,0,2,0,2023-06-20 13:47:18,@kaksoeryo,1671047050530799616,https://twitter.com/@kaksoeryo/status/1671047050530799616,1,#jakarta
5498,0,2,0,2023-06-20 13:47:18,@kaksoeryo,1671047050530799616,https://twitter.com/@kaksoeryo/status/1671047050530799616,1,#kemayoran
5504,608,7,24,2023-06-20 13:21:52,@simpsal_,1671040652275236864,https://twitter.com/@simpsal_/status/1671040652275236864,1,#idolyfepanaroma
5514,1,0,0,2023-06-20 12:31:44,@mydeepestfeelin,1671028036551180290,https://twitter.com/@mydeepestfeelin/status/1671028036551180290,1,#idolyfepanaroma
5519,0,1,0,2023-06-20 11:55:21,@bubuyuta_,1671018878112247809,https://twitter.com/@bubuyuta_/status/1671018878112247809,0,#prj
5520,0,1,0,2023-06-20 11:55:21,@bubuyuta_,1671018878112247809,https://twitter.com/@bubuyuta_/status/1671018878112247809,0,#pekanrayajakarta
5529,0,3,0,2023-06-20 11:10:19,@jastiptiket_jpg,1671007544385617921,https://twitter.com/@jastiptiket_jpg/status/1671007544385617921,1,#pekanrayajakarta
5530,0,3,0,2023-06-20 11:10:19,@jastiptiket_jpg,1671007544385617921,https://twitter.com/@jastiptiket_jpg/status/1671007544385617921,1,#jakartafairid
5531,0,3,0,2023-06-20 11:10:19,@jastiptiket_jpg,1671007544385617921,https://twitter.com/@jastiptiket_jpg/status/1671007544385617921,1,#kemayoran
5532,0,3,0,2023-06-20 11:10:19,@jastiptiket_jpg,1671007544385617921,https://twitter.com/@jastiptiket_jpg/status/1671007544385617921,1,#ndxaka
5533,0,3,0,2023-06-20 11:10:19,@jastiptiket_jpg,1671007544385617921,https://twitter.com/@jastiptiket_jpg/status/1671007544385617921,1,#guyonwaton
5548,0,0,0,2023-06-20 09:23:39,@BUMN_BLMG_Hebat,1670980704065425409,https://twitter.com/@BUMN_BLMG_Hebat/status/1670980704065425409,0,#PerumnasdiPRJ
5549,0,0,0,2023-06-20 09:23:39,@BUMN_BLMG_Hebat,1670980704065425409,https://twitter.com/@BUMN_BLMG_Hebat/status/1670980704065425409,0,#BeraniBeliRumah
5550,0,0,0,2023-06-20 09:23:39,@BUMN_BLMG_Hebat,1670980704065425409,https://twitter.com/@BUMN_BLMG_Hebat/status/1670980704065425409,0,#Perumnas
5564,0,0,0,2023-06-20 08:02:44,@bumncrbhebat,1670960339327029248,https://twitter.com/@bumncrbhebat/status/1670960339327029248,1,#PerumnasdiPRJ
5565,0,0,0,2023-06-20 08:02:44,@bumncrbhebat,1670960339327029248,https://twitter.com/@bumncrbhebat/status/1670960339327029248,1,#BeraniBeliRumah
5566,0,0,0,2023-06-20 08:02:44,@bumncrbhebat,1670960339327029248,https://twitter.com/@bumncrbhebat/status/1670960339327029248,1,#Perumnas
5567,0,0,0,2023-06-20 08:02:44,@bumncrbhebat,1670960339327029248,https://twitter.com/@bumncrbhebat/status/1670960339327029248,1,#PasBuatMilenial
5577,0,0,0,2023-06-20 03:03:02,@bubuyuta_,1670884915989327872,https://twitter.com/@bubuyuta_/status/1670884915989327872,1,#GarudaMendunia
5578,0,0,0,2023-06-20 03:03:02,@bubuyuta_,1670884915989327872,https://twitter.com/@bubuyuta_/status/1670884915989327872,1,#zonauang
5579,0,0,0,2023-06-20 03:03:02,@bubuyuta_,1670884915989327872,https://twitter.com/@bubuyuta_/status/1670884915989327872,1,#prj
5677,2,0,0,2023-06-19 20:15:17,@dewharyo,1670782303738691584,https://twitter.com/@dewharyo/status/1670782303738691584,0,#TimnasDay
5678,2,0,0,2023-06-19 20:15:17,@dewharyo,1670782303738691584,https://twitter.com/@dewharyo/status/1670782303738691584,0,#FifaMatchDay
5705,0,0,0,2023-06-19 18:50:57,@kakarottgokku,1670761079079845889,https://twitter.com/@kakarottgokku/status/1670761079079845889,1,#JakartaFair2023
5728,0,0,0,2023-06-19 17:18:18,@Bumn_Mojo_Hebat,1670737764814573570,https://twitter.com/@Bumn_Mojo_Hebat/status/1670737764814573570,1,#PerumnasdiPRJ
5752,0,8,0,2023-06-19 15:45:43,@dewelje,1670714465833353216,https://twitter.com/@dewelje/status/1670714465833353216,1,#zonauang
5753,0,8,0,2023-06-19 15:45:43,@dewelje,1670714465833353216,https://twitter.com/@dewelje/status/1670714465833353216,1,#zonabu
5754,0,8,0,2023-06-19 15:45:43,@dewelje,1670714465833353216,https://twitter.com/@dewelje/status/1670714465833353216,1,#zonaba
5755,0,8,0,2023-06-19 15:45:43,@dewelje,1670714465833353216,https://twitter.com/@dewelje/status/1670714465833353216,1,#jastip
5756,0,8,0,2023-06-19 15:45:43,@dewelje,1670714465833353216,https://twitter.com/@dewelje/status/1670714465833353216,1,#prj
5761,0,0,0,2023-06-19 15:28:26,@saturneost,1670710117388648448,https://twitter.com/@saturneost/status/1670710117388648448,1,#zonauang
5762,0,0,0,2023-06-19 15:28:26,@saturneost,1670710117388648448,https://twitter.com/@saturneost/status/1670710117388648448,1,#PRJ
5763,0,0,0,2023-06-19 15:28:26,@saturneost,1670710117388648448,https://twitter.com/@saturneost/status/1670710117388648448,1,#jastip
5771,1,0,0,2023-06-19 15:04:51,@Bumn_oku_hebat,1670704179768340480,https://twitter.com/@Bumn_oku_hebat/status/1670704179768340480,0,#PerumnasdiPRJ
5772,1,0,0,2023-06-19 15:04:51,@Bumn_oku_hebat,1670704179768340480,https://twitter.com/@Bumn_oku_hebat/status/1670704179768340480,0,#BeraniBeliRumah
5773,1,0,0,2023-06-19 15:04:51,@Bumn_oku_hebat,1670704179768340480,https://twitter.com/@Bumn_oku_hebat/status/1670704179768340480,0,#Perumnas
5774,1,0,0,2023-06-19 15:04:51,@Bumn_oku_hebat,1670704179768340480,https://twitter.com/@Bumn_oku_hebat/status/1670704179768340480,0,#PasBuatMilenial
5801,0,1,0,2023-06-19 12:48:28,@haisleystore,1670669856826601473,https://twitter.com/@haisleystore/status/1670669856826601473,1,#zonauang
5802,0,1,0,2023-06-19 12:48:28,@haisleystore,1670669856826601473,https://twitter.com/@haisleystore/status/1670669856826601473,1,#zonajajan
5803,0,1,0,2023-06-19 12:48:28,@haisleystore,1670669856826601473,https://twitter.com/@haisleystore/status/1670669856826601473,1,#zonabaᅠᅠᅠ
5820,0,2,1,2023-06-19 11:48:18,@wed_nesdaaay,1670654717683445760,https://twitter.com/@wed_nesdaaay/status/1670654717683445760,1,#zonauangᅠ
5823,0,0,0,2023-06-19 11:44:40,@userb1gwinn,1670653801513246720,https://twitter.com/@userb1gwinn/status/1670653801513246720,1,#jastipprj
5824,0,0,0,2023-06-19 11:44:40,@userb1gwinn,1670653801513246720,https://twitter.com/@userb1gwinn/status/1670653801513246720,1,#openjastipprj
5844,0,1,2,2023-06-19 10:39:21,@deuragonbol,1670637366187560960,https://twitter.com/@deuragonbol/status/1670637366187560960,1,#jakartafair
5845,0,1,2,2023-06-19 10:39:21,@deuragonbol,1670637366187560960,https://twitter.com/@deuragonbol/status/1670637366187560960,1,#zonauang
5895,0,0,0,2023-06-19 01:19:05,@cloudyaya_,1670496369826750465,https://twitter.com/@cloudyaya_/status/1670496369826750465,1,#jastipprj
5896,0,0,0,2023-06-19 01:19:05,@cloudyaya_,1670496369826750465,https://twitter.com/@cloudyaya_/status/1670496369826750465,1,#jastipjakartafair
5897,0,0,0,2023-06-19 01:19:05,@cloudyaya_,1670496369826750465,https://twitter.com/@cloudyaya_/status/1670496369826750465,1,#JakartaFair2023
5956,2,6,3,2023-06-18 22:13:00,@alikanadh,1670449539759898626,https://twitter.com/@alikanadh/status/1670449539759898626,0,#JakartaFair2023
5957,2,6,3,2023-06-18 22:13:00,@alikanadh,1670449539759898626,https://twitter.com/@alikanadh/status/1670449539759898626,0,#PekanRayaJakarta
5958,2,6,3,2023-06-18 22:13:00,@alikanadh,1670449539759898626,https://twitter.com/@alikanadh/status/1670449539759898626,0,#zonauang
6171,0,1,0,2023-06-18 12:52:41,@Sineng_jastip,1670308531814187009,https://twitter.com/@Sineng_jastip/status/1670308531814187009,1,#jastipprj
6172,0,1,0,2023-06-18 12:52:41,@Sineng_jastip,1670308531814187009,https://twitter.com/@Sineng_jastip/status/1670308531814187009,1,#jastip
6173,0,1,0,2023-06-18 12:52:41,@Sineng_jastip,1670308531814187009,https://twitter.com/@Sineng_jastip/status/1670308531814187009,1,#prj
6174,0,1,0,2023-06-18 12:52:41,@Sineng_jastip,1670308531814187009,https://twitter.com/@Sineng_jastip/status/1670308531814187009,1,#JakartaFair2023
6181,0,1,0,2023-06-18 12:37:25,@Ghifarisbastian,1670304691505500160,https://twitter.com/@Ghifarisbastian/status/1670304691505500160,1,#prj
6238,1,0,4,2023-06-18 09:54:32,@Iifeisboring,1670263700014637056,https://twitter.com/@Iifeisboring/status/1670263700014637056,1,#JakartaFair2023
6246,3,2,2,2023-06-18 09:22:07,@Iifeisboring,1670255541845921795,https://twitter.com/@Iifeisboring/status/1670255541845921795,1,#JakartaFair2023
6312,79,20,163,2023-06-17 23:18:48,@uwillknov,1670103711727890434,https://twitter.com/@uwillknov/status/1670103711727890434,1,#JakartaFair2023
6313,1,4,3,2023-06-17 23:16:14,@uwillknov,1670103065050087424,https://twitter.com/@uwillknov/status/1670103065050087424,1,#JakartaFair2023
6332,0,0,0,2023-06-17 22:38:32,@akademmi,1670093578968928258,https://twitter.com/@akademmi/status/1670093578968928258,1,#JakartaFair2023
6333,0,0,0,2023-06-17 22:38:32,@akademmi,1670093578968928258,https://twitter.com/@akademmi/status/1670093578968928258,1,#zonauang
6458,0,1,1,2023-06-17 18:29:17,@alikanadh,1670030850854117379,https://twitter.com/@alikanadh/status/1670030850854117379,0,#zonauang
6459,0,1,1,2023-06-17 18:29:17,@alikanadh,1670030850854117379,https://twitter.com/@alikanadh/status/1670030850854117379,0,#pekanrayajakarta
6460,0,1,1,2023-06-17 18:29:17,@alikanadh,1670030850854117379,https://twitter.com/@alikanadh/status/1670030850854117379,0,#JakartaFair2023
6461,0,1,1,2023-06-17 18:29:17,@alikanadh,1670030850854117379,https://twitter.com/@alikanadh/status/1670030850854117379,0,#jastipprj
6474,0,0,0,2023-06-17 18:02:34,@troubme,1670024128823447553,https://twitter.com/@troubme/status/1670024128823447553,0,#zonauang
6494,0,0,0,2023-06-17 17:20:29,@TamamHarahap,1670013539849994241,https://twitter.com/@TamamHarahap/status/1670013539849994241,1,#PRJ
6596,0,1,0,2023-06-17 14:22:13,@BokunaMatata,1669968673833095170,https://twitter.com/@BokunaMatata/status/1669968673833095170,1,#JakartaFair2023
6602,0,0,0,2023-06-17 14:10:18,@shalabackup,1669965676587663361,https://twitter.com/@shalabackup/status/1669965676587663361,1,#zonauang
6611,0,0,0,2023-06-17 13:44:48,@wifimurahmalang,1669959259327725568,https://twitter.com/@wifimurahmalang/status/1669959259327725568,1,#PRJ
6612,0,0,0,2023-06-17 13:44:48,@wifimurahmalang,1669959259327725568,https://twitter.com/@wifimurahmalang/status/1669959259327725568,1,#pekanrayajakarta
6613,0,0,0,2023-06-17 13:44:48,@wifimurahmalang,1669959259327725568,https://twitter.com/@wifimurahmalang/status/1669959259327725568,1,#prj2023
6614,0,0,0,2023-06-17 13:44:48,@wifimurahmalang,1669959259327725568,https://twitter.com/@wifimurahmalang/status/1669959259327725568,1,#pekanrayajakarta2023
6662,0,1,0,2023-06-17 11:38:05,@annaDamiee,1669927368419590147,https://twitter.com/@annaDamiee/status/1669927368419590147,0,#PRJ
6663,0,1,0,2023-06-17 11:38:05,@annaDamiee,1669927368419590147,https://twitter.com/@annaDamiee/status/1669927368419590147,0,#jakarta
6664,0,1,0,2023-06-17 11:38:05,@annaDamiee,1669927368419590147,https://twitter.com/@annaDamiee/status/1669927368419590147,0,#pekanrayakajarta
6679,2,4,0,2023-06-17 10:50:23,@massmull_,1669915367622287360,https://twitter.com/@massmull_/status/1669915367622287360,0,#SeriusNanya
6680,2,4,0,2023-06-17 10:50:23,@massmull_,1669915367622287360,https://twitter.com/@massmull_/status/1669915367622287360,0,#NanyaBaikBaik
6718,0,2,0,2023-06-17 06:48:53,@alikanadh,1669854590307807232,https://twitter.com/@alikanadh/status/1669854590307807232,1,#JakartaFair2023
6719,0,2,0,2023-06-17 06:48:53,@alikanadh,1669854590307807232,https://twitter.com/@alikanadh/status/1669854590307807232,1,#PRJ
6720,0,2,0,2023-06-17 06:48:53,@alikanadh,1669854590307807232,https://twitter.com/@alikanadh/status/1669854590307807232,1,#Pekanrayajakarta
6721,0,2,0,2023-06-17 06:48:53,@alikanadh,1669854590307807232,https://twitter.com/@alikanadh/status/1669854590307807232,1,#zonauang
6745,0,0,0,2023-06-16 23:07:42,@dimzxalfa,1669738529453391872,https://twitter.com/@dimzxalfa/status/1669738529453391872,1,#jastip
6746,0,0,0,2023-06-16 23:07:42,@dimzxalfa,1669738529453391872,https://twitter.com/@dimzxalfa/status/1669738529453391872,1,#skincare
6747,0,0,0,2023-06-16 23:07:42,@dimzxalfa,1669738529453391872,https://twitter.com/@dimzxalfa/status/1669738529453391872,1,#zonauang
6767,0,0,0,2023-06-16 21:56:33,@caxysloaffff,1669720624955297793,https://twitter.com/@caxysloaffff/status/1669720624955297793,1,#event
6768,0,0,0,2023-06-16 21:56:33,@caxysloaffff,1669720624955297793,https://twitter.com/@caxysloaffff/status/1669720624955297793,1,#JakartaFair2023
6769,0,0,0,2023-06-16 21:56:33,@caxysloaffff,1669720624955297793,https://twitter.com/@caxysloaffff/status/1669720624955297793,1,#zonauang
6770,0,0,0,2023-06-16 21:56:33,@caxysloaffff,1669720624955297793,https://twitter.com/@caxysloaffff/status/1669720624955297793,1,#zonajajanᅠᅠ
6887,0,0,0,2023-06-16 12:29:07,@YulianiDevi2,1669577825391902720,https://twitter.com/@YulianiDevi2/status/1669577825391902720,1,#INFOTRANSJAKARTA
6889,0,10,0,2023-06-16 12:17:54,@ore0pieyy_,1669575002461732864,https://twitter.com/@ore0pieyy_/status/1669575002461732864,1,#zonajajan
6890,0,10,0,2023-06-16 12:17:54,@ore0pieyy_,1669575002461732864,https://twitter.com/@ore0pieyy_/status/1669575002461732864,1,#zonauang
6891,0,10,0,2023-06-16 12:17:54,@ore0pieyy_,1669575002461732864,https://twitter.com/@ore0pieyy_/status/1669575002461732864,1,#ZonaBA
6892,0,10,0,2023-06-16 12:17:54,@ore0pieyy_,1669575002461732864,https://twitter.com/@ore0pieyy_/status/1669575002461732864,1,#zonabu
6963,0,2,0,2023-06-15 22:44:14,@outsideairy,1669370236162965505,https://twitter.com/@outsideairy/status/1669370236162965505,1,#zonauang
6966,0,0,0,2023-06-15 22:31:27,@ubiungu_enak,1669367021031809024,https://twitter.com/@ubiungu_enak/status/1669367021031809024,0,#jakartafair
7022,0,0,0,2023-06-15 18:33:49,@ihugisagi,1669307218741841920,https://twitter.com/@ihugisagi/status/1669307218741841920,1,#zonauang
7032,0,0,0,2023-06-15 18:06:52,@karindys_,1669300434274762753,https://twitter.com/@karindys_/status/1669300434274762753,1,#tiketprj
7045,2,1,0,2023-06-15 17:14:13,@JakartaFairID,1669287186209046528,https://twitter.com/@JakartaFairID/status/1669287186209046528,1,#JakartaFair2023
7060,0,0,0,2023-06-15 15:23:43,@dhilalandd,1669259377893867521,https://twitter.com/@dhilalandd/status/1669259377893867521,0,#OpenJastipJakartaFair
7061,0,0,0,2023-06-15 15:23:43,@dhilalandd,1669259377893867521,https://twitter.com/@dhilalandd/status/1669259377893867521,0,#Jastip
7087,0,0,0,2023-06-15 12:45:39,@haechanhceh,1669219598670106624,https://twitter.com/@haechanhceh/status/1669219598670106624,1,#zonauang
7092,2,0,0,2023-06-15 12:15:19,@angelhere88,1669211963006783488,https://twitter.com/@angelhere88/status/1669211963006783488,0,#zonauang
7093,2,0,0,2023-06-15 12:15:19,@angelhere88,1669211963006783488,https://twitter.com/@angelhere88/status/1669211963006783488,0,#zonaBU
7099,0,1,2,2023-06-15 12:07:13,@blank_corps,1669209926621859840,https://twitter.com/@blank_corps/status/1669209926621859840,1,#Jastip
7100,0,1,2,2023-06-15 12:07:13,@blank_corps,1669209926621859840,https://twitter.com/@blank_corps/status/1669209926621859840,1,#jastipPRJ
7101,0,1,2,2023-06-15 12:07:13,@blank_corps,1669209926621859840,https://twitter.com/@blank_corps/status/1669209926621859840,1,#Pekanrayajakarta
7102,0,1,2,2023-06-15 12:07:13,@blank_corps,1669209926621859840,https://twitter.com/@blank_corps/status/1669209926621859840,1,#PRJ
7103,0,1,2,2023-06-15 12:07:13,@blank_corps,1669209926621859840,https://twitter.com/@blank_corps/status/1669209926621859840,1,#JakartaFair2023
7134,0,0,0,2023-06-15 08:33:34,@DeviWisely,1669156159717273601,https://twitter.com/@DeviWisely/status/1669156159717273601,1,#niat
7135,0,0,0,2023-06-15 08:33:34,@DeviWisely,1669156159717273601,https://twitter.com/@DeviWisely/status/1669156159717273601,1,#gaktaurealitaNanti
7138,0,0,0,2023-06-15 08:21:55,@alikanadh,1669153228406276096,https://twitter.com/@alikanadh/status/1669153228406276096,1,#Pekanrayajakarta
7139,0,0,0,2023-06-15 08:21:55,@alikanadh,1669153228406276096,https://twitter.com/@alikanadh/status/1669153228406276096,1,#JakartaFair2023
7140,0,0,0,2023-06-15 08:21:55,@alikanadh,1669153228406276096,https://twitter.com/@alikanadh/status/1669153228406276096,1,#PRJ
7166,0,0,0,2023-06-15 00:32:33,@bingbinggrae,1669035107796271104,https://twitter.com/@bingbinggrae/status/1669035107796271104,1,#jokowilovers
7198,1,1,0,2023-06-14 20:21:28,@bakpiyu,1668971918664531969,https://twitter.com/@bakpiyu/status/1668971918664531969,1,#zonauang
7277,0,0,0,2023-06-14 08:21:28,@elzfro,1668790725096644608,https://twitter.com/@elzfro/status/1668790725096644608,1,#zonauang
7364,0,0,0,2023-06-12 12:18:01,@Powlpowlan,1668125480355237888,https://twitter.com/@Powlpowlan/status/1668125480355237888,0,#nyomanpaul
7382,0,0,0,2023-06-11 23:50:10,@_dapurletter,1667937277904044033,https://twitter.com/@_dapurletter/status/1667937277904044033,1,#JakartaFair2023
7383,0,0,0,2023-06-11 23:50:10,@_dapurletter,1667937277904044033,https://twitter.com/@_dapurletter/status/1667937277904044033,1,#JFK2023
7384,0,0,0,2023-06-11 23:50:10,@_dapurletter,1667937277904044033,https://twitter.com/@_dapurletter/status/1667937277904044033,1,#SerunyaTanpaBatas
7385,0,0,0,2023-06-11 23:50:10,@_dapurletter,1667937277904044033,https://twitter.com/@_dapurletter/status/1667937277904044033,1,#JakartaFairKemayoran
7386,0,0,0,2023-06-11 23:50:10,@_dapurletter,1667937277904044033,https://twitter.com/@_dapurletter/status/1667937277904044033,1,#JFK2023
7387,0,0,0,2023-06-11 23:50:10,@_dapurletter,1667937277904044033,https://twitter.com/@_dapurletter/status/1667937277904044033,1,#Tiket
7388,0,0,0,2023-06-11 23:50:10,@_dapurletter,1667937277904044033,https://twitter.com/@_dapurletter/status/1667937277904044033,1,#AyoKitaKeJakartaFair
7461,1,1,0,2023-06-10 19:13:50,@day_olshop,1667505348318740482,https://twitter.com/@day_olshop/status/1667505348318740482,1,#zonauang
7462,1,1,0,2023-06-10 19:13:50,@day_olshop,1667505348318740482,https://twitter.com/@day_olshop/status/1667505348318740482,1,#zonajajan
7593,0,0,0,2023-06-08 08:41:02,@BVOICE_RADIO,1666621324629004290,https://twitter.com/@BVOICE_RADIO/status/1666621324629004290,0,#MorningVoice
7616,0,0,0,2023-06-06 10:10:45,@monggimongss,1665919124210581505,https://twitter.com/@monggimongss/status/1665919124210581505,1,#JFK2023
7617,0,0,0,2023-06-06 10:10:45,@monggimongss,1665919124210581505,https://twitter.com/@monggimongss/status/1665919124210581505,1,#JakartaFair
7628,1,0,0,2023-06-05 14:35:00,@JakartaFairID,1665623236862779392,https://twitter.com/@JakartaFairID/status/1665623236862779392,1,#JFK2023
7629,1,0,0,2023-06-05 14:35:00,@JakartaFairID,1665623236862779392,https://twitter.com/@JakartaFairID/status/1665623236862779392,1,#JakartaFair2023
7630,1,0,0,2023-06-05 14:35:00,@JakartaFairID,1665623236862779392,https://twitter.com/@JakartaFairID/status/1665623236862779392,1,#JakartaFair
7631,4,0,2,2023-06-05 14:30:51,@JakartaFairID,1665622192070230016,https://twitter.com/@JakartaFairID/status/1665622192070230016,1,#JFK2023
7632,4,0,2,2023-06-05 14:30:51,@JakartaFairID,1665622192070230016,https://twitter.com/@JakartaFairID/status/1665622192070230016,1,#JakartaFair
7633,4,0,2,2023-06-05 14:30:51,@JakartaFairID,1665622192070230016,https://twitter.com/@JakartaFairID/status/1665622192070230016,1,#JakartaFair2023
7691,0,0,0,2023-05-29 22:54:34,@vinny_aryani,1663212242475823107,https://twitter.com/@vinny_aryani/status/1663212242475823107,1,#prj
7692,0,0,0,2023-05-29 22:52:34,@vinny_aryani,1663211742200209409,https://twitter.com/@vinny_aryani/status/1663211742200209409,1,#prj
7700,0,0,0,2023-05-29 16:39:36,@Hafidzfaisal_,1663117881624903680,https://twitter.com/@Hafidzfaisal_/status/1663117881624903680,1,#Jakarta
7719,0,0,0,2023-05-27 03:22:53,@sdkynss,1662192604950274048,https://twitter.com/@sdkynss/status/1662192604950274048,1,#opside
7730,1,1,0,2023-05-25 23:59:22,@Danz_vino,1661778997636911104,https://twitter.com/@Danz_vino/status/1661778997636911104,1,#eventprj
7731,1,1,0,2023-05-25 23:59:22,@Danz_vino,1661778997636911104,https://twitter.com/@Danz_vino/status/1661778997636911104,1,#SPG
7732,1,1,0,2023-05-25 23:59:22,@Danz_vino,1661778997636911104,https://twitter.com/@Danz_vino/status/1661778997636911104,1,#loker
7751,0,1,0,2023-05-24 05:41:12,@taauraaa,1661140250889166850,https://twitter.com/@taauraaa/status/1661140250889166850,1,#lokerspg
7752,0,1,0,2023-05-24 05:41:12,@taauraaa,1661140250889166850,https://twitter.com/@taauraaa/status/1661140250889166850,1,#spgevent
7801,0,0,0,2023-05-17 00:04:10,@gataubagusnyapa,1658518715410051072,https://twitter.com/@gataubagusnyapa/status/1658518715410051072,1,#lowonganprj
7802,0,0,0,2023-05-17 00:04:10,@gataubagusnyapa,1658518715410051072,https://twitter.com/@gataubagusnyapa/status/1658518715410051072,1,#spgprj
7803,0,0,0,2023-05-17 00:04:10,@gataubagusnyapa,1658518715410051072,https://twitter.com/@gataubagusnyapa/status/1658518715410051072,1,#lowongankerja
7807,4,0,0,2023-05-16 19:39:07,@onlyboss1111,1658452014643249153,https://twitter.com/@onlyboss1111/status/1658452014643249153,1,#bbvipal
7814,0,1,0,2023-05-16 02:07:53,@sexisstence,1658187464052445184,https://twitter.com/@sexisstence/status/1658187464052445184,1,#lokerprj
7815,0,1,0,2023-05-16 02:07:53,@sexisstence,1658187464052445184,https://twitter.com/@sexisstence/status/1658187464052445184,1,#prj
7816,0,1,0,2023-05-16 02:07:53,@sexisstence,1658187464052445184,https://twitter.com/@sexisstence/status/1658187464052445184,1,#javajazz
7830,0,0,0,2023-05-12 21:57:01,@fukinros301,1657037165325328385,https://twitter.com/@fukinros301/status/1657037165325328385,0,#wickedmoai
7875,0,1,0,2023-04-27 13:30:02,@abdularea,1651473761441562624,https://twitter.com/@abdularea/status/1651473761441562624,1,#BerkontenRiaBersamaIndiHome
7876,0,1,0,2023-04-27 13:30:02,@abdularea,1651473761441562624,https://twitter.com/@abdularea/status/1651473761441562624,1,#AktivitasTanpaBatas
7877,0,1,0,2023-04-27 13:30:02,@abdularea,1651473761441562624,https://twitter.com/@abdularea/status/1651473761441562624,1,#InternetnyaIndonesia
7879,0,3,0,2023-04-26 09:00:16,@missingneeson,1651043485527724034,https://twitter.com/@missingneeson/status/1651043485527724034,1,#JakartaFair
7880,0,3,0,2023-04-26 09:00:16,@missingneeson,1651043485527724034,https://twitter.com/@missingneeson/status/1651043485527724034,1,#PRJ
7883,0,0,0,2023-04-23 20:25:15,@majid34171051,1650128701663657988,https://twitter.com/@majid34171051/status/1650128701663657988,0,#SUI
7884,0,0,0,2023-04-23 20:25:15,@majid34171051,1650128701663657988,https://twitter.com/@majid34171051/status/1650128701663657988,0,#SUINetwork
7885,0,0,0,2023-04-23 20:25:15,@majid34171051,1650128701663657988,https://twitter.com/@majid34171051/status/1650128701663657988,0,#SUINAMI
7886,0,0,0,2023-04-23 20:25:15,@majid34171051,1650128701663657988,https://twitter.com/@majid34171051/status/1650128701663657988,0,#SuiEcosystem
7892,0,0,0,2023-04-19 21:37:16,@loirejfy_,1648697277098377216,https://twitter.com/@loirejfy_/status/1648697277098377216,1,#infoloker
7893,0,0,0,2023-04-19 21:37:16,@loirejfy_,1648697277098377216,https://twitter.com/@loirejfy_/status/1648697277098377216,1,#prj
7902,3,2,0,2023-04-12 00:34:02,@Marceli40692135,1645842655669284864,https://twitter.com/@Marceli40692135/status/1645842655669284864,1,#spg
7903,3,2,0,2023-04-12 00:34:02,@Marceli40692135,1645842655669284864,https://twitter.com/@Marceli40692135/status/1645842655669284864,1,#spgprj
7904,3,2,0,2023-04-12 00:34:02,@Marceli40692135,1645842655669284864,https://twitter.com/@Marceli40692135/status/1645842655669284864,1,#spgprj2023
7905,3,2,0,2023-04-12 00:34:02,@Marceli40692135,1645842655669284864,https://twitter.com/@Marceli40692135/status/1645842655669284864,1,#Loker
7906,3,2,0,2023-04-12 00:34:02,@Marceli40692135,1645842655669284864,https://twitter.com/@Marceli40692135/status/1645842655669284864,1,#InfoLoker
7909,5,0,0,2023-04-11 10:28:15,@JakartaFairID,1645629808729272320,https://twitter.com/@JakartaFairID/status/1645629808729272320,1,#loker
7920,0,1,0,2023-04-06 10:30:03,@iniaku_jessniel,1643818324873342979,https://twitter.com/@iniaku_jessniel/status/1643818324873342979,1,#prj
7921,0,1,0,2023-04-06 10:30:03,@iniaku_jessniel,1643818324873342979,https://twitter.com/@iniaku_jessniel/status/1643818324873342979,1,#SPG
7922,0,1,0,2023-04-06 10:30:03,@iniaku_jessniel,1643818324873342979,https://twitter.com/@iniaku_jessniel/status/1643818324873342979,1,#jakartafair
7932,1,0,0,2023-04-03 15:09:49,@bibibaebee,1642801563914862593,https://twitter.com/@bibibaebee/status/1642801563914862593,1,#zonauang
7933,1,0,0,2023-04-03 15:09:49,@bibibaebee,1642801563914862593,https://twitter.com/@bibibaebee/status/1642801563914862593,1,#zonaBU
7960,7,0,0,2023-04-01 10:15:47,@valiant_tm,1642002791316226049,https://twitter.com/@valiant_tm/status/1642002791316226049,0,#partyradiojapan
7981,0,0,0,2023-03-27 23:34:54,@bypeaker,1640391960094466048,https://twitter.com/@bypeaker/status/1640391960094466048,0,#QuaiNetwork
7985,6,2,0,2023-03-26 17:26:05,·,1639936756404346880,https://twitter.com/·/status/1639936756404346880,1,#bbvipal
8019,0,0,0,2023-03-19 10:52:11,@Kzibeom,1637300910497071106,https://twitter.com/@Kzibeom/status/1637300910497071106,0,#twitterask
8020,0,0,0,2023-03-19 10:52:11,@Kzibeom,1637300910497071106,https://twitter.com/@Kzibeom/status/1637300910497071106,0,#prj
8054,0,0,0,2023-06-06 15:59:55,@JakartaFairID,1666006995487563781,https://twitter.com/@JakartaFairID/status/1666006995487563781,1,#JFK2023
8055,0,0,0,2023-06-06 15:59:55,@JakartaFairID,1666006995487563781,https://twitter.com/@JakartaFairID/status/1666006995487563781,1,#JakartaFair
8056,0,0,1,2023-06-05 17:34:02,@JakartaFairID,1665668292298809344,https://twitter.com/@JakartaFairID/status/1665668292298809344,1,#JFK2023
8057,0,0,1,2023-06-05 17:34:02,@JakartaFairID,1665668292298809344,https://twitter.com/@JakartaFairID/status/1665668292298809344,1,#JakartaFair
8058,1,1,2,2023-06-05 15:02:49,@JakartaFairID,1665630240628981760,https://twitter.com/@JakartaFairID/status/1665630240628981760,0,#JakartaFair
8059,1,1,2,2023-06-05 15:02:49,@JakartaFairID,1665630240628981760,https://twitter.com/@JakartaFairID/status/1665630240628981760,0,#JFK2023
8060,1,0,0,2023-06-05 14:47:05,@JakartaFairID,1665626280316772352,https://twitter.com/@JakartaFairID/status/1665626280316772352,1,#JFK2023
8061,1,0,0,2023-06-05 14:47:05,@JakartaFairID,1665626280316772352,https://twitter.com/@JakartaFairID/status/1665626280316772352,1,#JakartaFair
8062,1,0,0,2023-06-05 14:43:20,@JakartaFairID,1665625333670739968,https://twitter.com/@JakartaFairID/status/1665625333670739968,0,#JakartaFair
8063,1,0,0,2023-06-05 14:43:20,@JakartaFairID,1665625333670739968,https://twitter.com/@JakartaFairID/status/1665625333670739968,0,#JFK2023
8064,0,0,0,2023-07-09 10:13:21,@JakartaFairID,1677878579579985921,https://twitter.com/@JakartaFairID/status/1677878579579985921,0,#JakartaFair2023
8065,1,0,0,2023-07-08 23:15:17,@JakartaFairID,1677712972796538880,https://twitter.com/@JakartaFairID/status/1677712972796538880,0,#JakartaFair2023
8066,0,0,0,2023-07-08 19:16:47,@Miadwrhmwt,1677652952138526722,https://twitter.com/@Miadwrhmwt/status/1677652952138526722,1,#JakartaFair2023
8067,0,0,0,2023-07-08 19:16:47,@Miadwrhmwt,1677652952138526722,https://twitter.com/@Miadwrhmwt/status/1677652952138526722,1,#prj
8068,0,0,0,2023-07-08 19:06:17,@JakartaFairID,1677650307420147713,https://twitter.com/@JakartaFairID/status/1677650307420147713,0,#JakartaFair2023
8069,0,1,0,2023-07-08 18:53:03,@JakartaFairID,1677646980120707072,https://twitter.com/@JakartaFairID/status/1677646980120707072,0,#JakartaFair2023
8070,0,1,0,2023-07-08 18:35:24,@JakartaFairID,1677642536238870529,https://twitter.com/@JakartaFairID/status/1677642536238870529,0,#JakartaFair2023
8071,0,0,0,2023-07-07 22:53:39,@istiitsispider,1677345139088584705,https://twitter.com/@istiitsispider/status/1677345139088584705,1,#JKT48
8072,0,0,0,2023-07-07 22:53:39,@istiitsispider,1677345139088584705,https://twitter.com/@istiitsispider/status/1677345139088584705,1,#JakartaFair2023
8073,6,1,3,2023-06-30 00:01:34,@viiaa23,1674463130007773184,https://twitter.com/@viiaa23/status/1674463130007773184,1,#JakartaFair2023
8074,6,1,3,2023-06-30 00:01:34,@viiaa23,1674463130007773184,https://twitter.com/@viiaa23/status/1674463130007773184,1,#surabaya
8075,6,1,3,2023-06-30 00:01:34,@viiaa23,1674463130007773184,https://twitter.com/@viiaa23/status/1674463130007773184,1,#JogjaBO
8076,6,1,3,2023-06-30 00:01:34,@viiaa23,1674463130007773184,https://twitter.com/@viiaa23/status/1674463130007773184,1,#madiun
8077,0,1,0,2023-06-28 17:39:10,@JakartaFairID,1674004507083309056,https://twitter.com/@JakartaFairID/status/1674004507083309056,0,#JakartaFair2023
8078,0,0,0,2023-06-28 16:09:47,@JakartaFairID,1673982012271763458,https://twitter.com/@JakartaFairID/status/1673982012271763458,1,#JakartaFair2023
8079,0,0,0,2023-06-28 16:09:47,@JakartaFairID,1673982012271763458,https://twitter.com/@JakartaFairID/status/1673982012271763458,1,#JakartaFair
8080,2,1,1,2023-06-28 11:09:06,@JakartaFairID,1673906343856730112,https://twitter.com/@JakartaFairID/status/1673906343856730112,0,#JakartaFair2023
8081,0,0,0,2023-06-28 06:11:05,@JakartaFairID,1673831346551296001,https://twitter.com/@JakartaFairID/status/1673831346551296001,1,#JakartaFair2023
8082,0,0,0,2023-06-28 06:11:05,@JakartaFairID,1673831346551296001,https://twitter.com/@JakartaFairID/status/1673831346551296001,1,#JakartaFair
8083,0,0,0,2023-06-27 18:42:51,@JakartaFairID,1673658145422336002,https://twitter.com/@JakartaFairID/status/1673658145422336002,0,#JakartaFair2023
8084,0,1,0,2023-06-27 01:53:29,@JakartaFairID,1673404130793242624,https://twitter.com/@JakartaFairID/status/1673404130793242624,1,#JakartaFair2023
8085,0,1,0,2023-06-26 18:31:16,@JakartaFairID,1673292843258089472,https://twitter.com/@JakartaFairID/status/1673292843258089472,1,#JakartaFair2023
8086,0,1,0,2023-06-26 17:19:02,@JakartaFairID,1673274662791553025,https://twitter.com/@JakartaFairID/status/1673274662791553025,1,#JakartaFair2023
8087,1,2,0,2023-06-26 14:03:25,@JakartaFairID,1673225434388131840,https://twitter.com/@JakartaFairID/status/1673225434388131840,0,#JakartaFair2023
8088,1,2,0,2023-06-26 14:03:25,@JakartaFairID,1673225434388131840,https://twitter.com/@JakartaFairID/status/1673225434388131840,0,#JakartaFair
8089,0,0,0,2023-06-25 19:15:08,·,1672941492531523588,https://twitter.com/·/status/1672941492531523588,1,#jakartafair
8090,0,0,0,2023-06-25 19:15:08,·,1672941492531523588,https://twitter.com/·/status/1672941492531523588,1,#jakartafair2023
8091,0,0,0,2023-06-25 19:15:08,·,1672941492531523588,https://twitter.com/·/status/1672941492531523588,1,#army
8092,0,0,0,2023-06-25 19:15:08,·,1672941492531523588,https://twitter.com/·/status/1672941492531523588,1,#indomy
8093,0,0,0,2023-06-25 19:15:08,·,1672941492531523588,https://twitter.com/·/status/1672941492531523588,1,#doyourmagictwitter
8094,1,0,0,2023-06-25 14:19:43,@JakartaFairID,1672867148627316737,https://twitter.com/@JakartaFairID/status/1672867148627316737,0,#JakartaFair2023
8095,0,1,0,2023-06-25 14:16:02,@JakartaFairID,1672866224198553602,https://twitter.com/@JakartaFairID/status/1672866224198553602,1,#JakartaFair2023
8096,0,2,0,2023-06-25 11:35:09,@JakartaFairID,1672825736145809409,https://twitter.com/@JakartaFairID/status/1672825736145809409,1,#JakartaFair2023
8097,0,0,0,2023-06-24 14:29:47,@JakartaFairID,1672507295199281152,https://twitter.com/@JakartaFairID/status/1672507295199281152,1,#JakartaFair2023
8098,0,0,1,2023-06-24 11:14:02,@JakartaFairID,1672458033635672064,https://twitter.com/@JakartaFairID/status/1672458033635672064,1,#JakartaFair2023
8099,1,1,1,2023-06-24 09:06:22,@JakartaFairID,1672425905669672962,https://twitter.com/@JakartaFairID/status/1672425905669672962,1,#JakartaFair
8100,1,1,1,2023-06-24 09:06:22,@JakartaFairID,1672425905669672962,https://twitter.com/@JakartaFairID/status/1672425905669672962,1,#JakartaFair2023
8101,0,0,0,2023-06-23 21:28:12,@JakartaFairID,1672250205390131201,https://twitter.com/@JakartaFairID/status/1672250205390131201,1,#JakartaFair2023
8102,0,1,0,2023-06-23 18:00:35,@JakartaFairID,1672197956508991489,https://twitter.com/@JakartaFairID/status/1672197956508991489,1,#JakartaFair2023
8103,0,0,0,2023-06-23 17:22:17,@JakartaFairID,1672188320116539395,https://twitter.com/@JakartaFairID/status/1672188320116539395,0,#JakartaFair2023
8104,0,1,0,2023-06-23 16:57:09,@JakartaFairID,1672181991788408832,https://twitter.com/@JakartaFairID/status/1672181991788408832,1,#JakartaFair2023
8105,0,0,0,2023-06-23 16:34:21,@JakartaFairID,1672176254538371072,https://twitter.com/@JakartaFairID/status/1672176254538371072,1,#JakartaFair2023
8106,1,0,0,2023-06-23 13:13:09,@JakartaFairID,1672125620531372032,https://twitter.com/@JakartaFairID/status/1672125620531372032,0,#JakartaFair2023
8107,0,3,0,2023-06-23 09:01:43,@JakartaFairID,1672062345621934080,https://twitter.com/@JakartaFairID/status/1672062345621934080,1,#JakartaFair2023
8108,0,1,0,2023-06-23 08:54:01,@JakartaFairID,1672060410248192002,https://twitter.com/@JakartaFairID/status/1672060410248192002,1,#JumatBerkah
8109,0,1,0,2023-06-23 08:54:01,@JakartaFairID,1672060410248192002,https://twitter.com/@JakartaFairID/status/1672060410248192002,1,#JakartaFair2023
8110,0,0,0,2023-06-22 13:46:21,@FitFerry,1671771590621794307,https://twitter.com/@FitFerry/status/1671771590621794307,0,#Jakarta496
8111,0,0,0,2023-06-22 13:46:21,@FitFerry,1671771590621794307,https://twitter.com/@FitFerry/status/1671771590621794307,0,#SemangaTJakarta
8112,0,0,0,2023-06-22 13:46:21,@FitFerry,1671771590621794307,https://twitter.com/@FitFerry/status/1671771590621794307,0,#JakartaFair2023
8113,0,0,0,2023-06-22 13:46:21,@FitFerry,1671771590621794307,https://twitter.com/@FitFerry/status/1671771590621794307,0,#HUTJakarta496
8114,0,0,0,2023-06-22 13:46:21,@FitFerry,1671771590621794307,https://twitter.com/@FitFerry/status/1671771590621794307,0,#HUTDKIJakarta
8115,0,0,0,2023-06-21 20:03:10,@JakartaFairID,1671504028449263617,https://twitter.com/@JakartaFairID/status/1671504028449263617,0,#JakartaFair2023
8116,0,1,0,2023-06-21 18:47:44,@JakartaFairID,1671485046690287617,https://twitter.com/@JakartaFairID/status/1671485046690287617,0,#JakartaFair2023
8117,0,1,0,2023-06-21 17:35:42,@JakartaFairID,1671466918514130946,https://twitter.com/@JakartaFairID/status/1671466918514130946,1,#JakartaFair2023
8118,0,1,0,2023-06-21 09:25:50,@JakartaFairID,1671343638151069696,https://twitter.com/@JakartaFairID/status/1671343638151069696,1,#JakartaFair2023
8119,0,1,0,2023-06-21 09:25:50,@JakartaFairID,1671343638151069696,https://twitter.com/@JakartaFairID/status/1671343638151069696,1,#JakartaFair
8120,0,1,0,2023-06-21 09:25:50,@JakartaFairID,1671343638151069696,https://twitter.com/@JakartaFairID/status/1671343638151069696,1,#SerunyaTanpaBatas
8121,0,1,0,2023-06-20 20:06:25,@JakartaFairID,1671142458158358531,https://twitter.com/@JakartaFairID/status/1671142458158358531,1,#JakartaFair
8122,0,1,0,2023-06-20 20:06:25,@JakartaFairID,1671142458158358531,https://twitter.com/@JakartaFairID/status/1671142458158358531,1,#JakartaFair2023
8123,0,1,0,2023-06-20 19:56:55,@JakartaFairID,1671140070840225794,https://twitter.com/@JakartaFairID/status/1671140070840225794,1,#JakartaFair2023
8124,0,1,0,2023-06-20 19:52:04,@JakartaFairID,1671138849614094336,https://twitter.com/@JakartaFairID/status/1671138849614094336,0,#JakartaFair2023
8125,0,1,0,2023-06-20 19:29:30,@JakartaFairID,1671133169540825088,https://twitter.com/@JakartaFairID/status/1671133169540825088,0,#JakartaFair2023
8126,0,0,0,2023-06-20 18:22:25,@JakartaFairID,1671116289753092098,https://twitter.com/@JakartaFairID/status/1671116289753092098,0,#JakartaFair2023
8127,0,0,0,2023-06-20 18:14:53,@JakartaFairID,1671114390333194243,https://twitter.com/@JakartaFairID/status/1671114390333194243,1,#JakartaFair2023
8128,0,1,0,2023-06-20 17:48:43,@JakartaFairID,1671107808341954560,https://twitter.com/@JakartaFairID/status/1671107808341954560,1,#JakartaFair2023
8129,0,2,0,2023-06-19 19:06:28,@JakartaFairID,1670764987042922498,https://twitter.com/@JakartaFairID/status/1670764987042922498,0,#JakartaFair2023
8130,0,0,0,2023-06-19 18:15:39,@JakartaFairID,1670752195992772608,https://twitter.com/@JakartaFairID/status/1670752195992772608,0,#JakartaFair2023
8131,0,0,0,2023-06-19 10:02:40,@JakartaFairID,1670628133366820866,https://twitter.com/@JakartaFairID/status/1670628133366820866,1,#JakartaFair2023
8132,0,0,0,2023-06-19 10:02:40,@JakartaFairID,1670628133366820866,https://twitter.com/@JakartaFairID/status/1670628133366820866,1,#JakartaFair
8133,0,0,0,2023-06-19 10:02:40,@JakartaFairID,1670628133366820866,https://twitter.com/@JakartaFairID/status/1670628133366820866,1,#JakartaFair
8134,2,1,4,2023-06-18 23:26:08,@pochacoups,1670467945515073537,https://twitter.com/@pochacoups/status/1670467945515073537,1,#JakartaFair2023
8135,0,1,0,2023-06-18 18:26:31,@JakartaFairID,1670392543631282178,https://twitter.com/@JakartaFairID/status/1670392543631282178,0,#JakartaFair2023
8136,0,1,1,2023-06-18 15:26:09,@JakartaFairID,1670347154047799297,https://twitter.com/@JakartaFairID/status/1670347154047799297,0,#JakartaFair2023
8137,1,1,1,2023-06-18 10:10:24,@JakartaFairID,1670267691947683841,https://twitter.com/@JakartaFairID/status/1670267691947683841,1,#JakartaFair2023
8138,1,2,0,2023-06-18 09:11:14,@JakartaFairID,1670252803376443393,https://twitter.com/@JakartaFairID/status/1670252803376443393,1,#JakartaFair2023
8139,2,1,1,2023-06-17 14:09:17,@JakartaFairID,1669965421498490880,https://twitter.com/@JakartaFairID/status/1669965421498490880,1,#JakartaFair2023
8140,2,2,0,2023-06-16 18:39:22,@JakartaFairID,1669671002689904641,https://twitter.com/@JakartaFairID/status/1669671002689904641,1,#JakartaFair2023
8141,1,1,1,2023-06-15 18:00:48,@JakartaFairID,1669298908189827073,https://twitter.com/@JakartaFairID/status/1669298908189827073,1,#JakartaFair2023
8142,3,2,0,2023-06-15 07:38:12,@JakartaFairID,1669142224498720768,https://twitter.com/@JakartaFairID/status/1669142224498720768,1,#JakartaFair2023
8143,1,0,0,2023-06-12 08:01:05,@JakartaFairID,1668060820700565505,https://twitter.com/@JakartaFairID/status/1668060820700565505,1,#JakartaFair2023
8144,0,0,0,2023-06-10 10:55:06,@injunjaemin,1667379839094104065,https://twitter.com/@injunjaemin/status/1667379839094104065,0,#jakartafair
8145,0,0,0,2023-06-10 10:55:06,@injunjaemin,1667379839094104065,https://twitter.com/@injunjaemin/status/1667379839094104065,0,#jfk2023
8146,0,0,0,2023-06-10 10:55:06,@injunjaemin,1667379839094104065,https://twitter.com/@injunjaemin/status/1667379839094104065,0,#jakartafair2023
8147,10,4,1,2023-06-09 10:43:24,@JakartaFairID,1667014504537026561,https://twitter.com/@JakartaFairID/status/1667014504537026561,1,#JakartaFair2023
8148,10,4,1,2023-06-09 10:43:24,@JakartaFairID,1667014504537026561,https://twitter.com/@JakartaFairID/status/1667014504537026561,1,#JakartaFair
8149,7,3,1,2023-06-07 08:42:59,@JakartaFairID,1666259425911529472,https://twitter.com/@JakartaFairID/status/1666259425911529472,1,#JakartaFair2023
8150,0,0,0,2023-06-05 14:57:56,@JakartaFairID,1665629011723309058,https://twitter.com/@JakartaFairID/status/1665629011723309058,1,#JFK2023
8151,0,0,0,2023-06-05 14:57:56,@JakartaFairID,1665629011723309058,https://twitter.com/@JakartaFairID/status/1665629011723309058,1,#JakartaFair2023
8158,0,0,0,2023-07-09 13:58:48,@Rainbow_salt17,1677935314164387840,https://twitter.com/@Rainbow_salt17/status/1677935314164387840,1,#zonauang
8159,0,0,0,2023-07-09 13:58:48,@Rainbow_salt17,1677935314164387840,https://twitter.com/@Rainbow_salt17/status/1677935314164387840,1,#jastipprj
8173,1,0,0,2023-07-09 13:01:00,@jaringanprima,1677920769010171905,https://twitter.com/@jaringanprima/status/1677920769010171905,0,#MudahPakaiPRIMA
8190,0,0,0,2023-07-09 12:07:00,@jaringanprima,1677907179163070467,https://twitter.com/@jaringanprima/status/1677907179163070467,1,#MudahPakaiPRIMA
8259,0,0,0,2023-07-08 23:27:21,@sehunapiyak10,1677716009644617730,https://twitter.com/@sehunapiyak10/status/1677716009644617730,1,#EXO_CreamSoda
8260,0,0,0,2023-07-08 23:27:21,@sehunapiyak10,1677716009644617730,https://twitter.com/@sehunapiyak10/status/1677716009644617730,1,#EXO_EXIST
8261,0,0,0,2023-07-08 23:27:21,@sehunapiyak10,1677716009644617730,https://twitter.com/@sehunapiyak10/status/1677716009644617730,1,#EXO
8347,0,0,0,2023-07-08 18:45:16,@JakartaFairID,1677645018084048897,https://twitter.com/@JakartaFairID/status/1677645018084048897,1,#JakartaFair
8356,0,1,0,2023-07-08 18:20:44,@lijewu,1677638847730163712,https://twitter.com/@lijewu/status/1677638847730163712,1,#zonauang
8358,0,0,0,2023-07-08 18:15:05,@JakartaFairID,1677637424292454403,https://twitter.com/@JakartaFairID/status/1677637424292454403,1,#JakartaFair
