username,full_text,lang,reply_count,quote_count,favorite_count,view_count,created_at,tweet_url
@leoralya,"Wts tiket prj (pekan raya jakarta) 
Untuk Hari ini (Minggu 9 juli 2023). Minat dm 

 Gk pakai konser
 2 tiket",in,1,,,37,2023-07-09T10:57:09.000Z,/leoralya/status/1677995296582930432
@leoralya,"Wts tiket prj (pekan raya jakarta) buat hari ini 9 juli 2023, minat dm ya",in,,,,31,2023-07-09T10:54:54.000Z,/leoralya/status/1677994731127857153
@steamshrimp,"Yang masih mau jastip momogi boleh dm aku yaa, aku tunggu sampe jam 8 malem hari inii!, only momogi yaa @ 18k , ada semua rasa (jagung bakar, keju, coklat, kimchi, balado, coco pandan) 

tg jastip prj, jastip pekan raya jakarta",in,,,,34,2023-07-09T10:27:35.000Z,/steamshrimp/status/1677987859482169344
@gijibear,"wts 2 tiket konser VIP prj/pekan raya jakarta/jakarta fair hari ini, 9 juli, 200k ajaaaa plissss. guest: the adams, the sigit, the upstairs",in,1,,,70,2023-07-09T09:34:20.000Z,/gijibear/status/1677974456944447488
@SahabatPLNJkt,"Nah, sekarang giliran electrizen share disini kegiatan akhir pekan kalian. 
#pln
#pln_disjaya
#unleashingenergyandbeyond
#happyweekend
#kegiatanakhirpekan",in,,,,19,2023-07-09T09:19:30.000Z,/SahabatPLNJkt/status/1677970725951668225
@SahabatPLNJkt,"Biasanya apa sih yang electrizen lakukan saat menghabiskan akhir pekan di rumah?

Kalau mimin sukanya bersih-bersih rumah pakai vacuum cleaner agar hunian bebas debu dan nyaman ditinggali.",in,1,,,60,2023-07-09T09:19:30.000Z,/SahabatPLNJkt/status/1677970723011452931
@Beritasatu,"Pekan Raya Jakarta (PRJ), event tahunan terbesar di Jakarta memasuki pekan terakhirnya dengan kunjungan yang ramai dari masyarakat.",in,,,,495,2023-07-08T11:29:04.000Z,/Beritasatu/status/1677640942898286592
@jalur5_,"Kemacetan masuk Pekan Raya Jakarta Kemayoran hari ini (8/7). Semakin sore, area PRJ Kemayoran terutama Jl. Benyamin Suaeb akan semakin macet efek banyak orang mencari parkir di lahan utama JIEXPO.

Pic: @rycxu.13",in,1,1,6,"1,688",2023-07-08T09:37:42.000Z,/jalur5_/status/1677612915812352000
@mschoiyu,PRJ more like Perkumpulan Rakyat Jabodetabek than Pekan Raya Jakarta,in,,,,108,2023-07-08T08:51:14.000Z,/mschoiyu/status/1677601224269635585
@disbuddki,"Dukungan yang diberikan dari Sudinbud Jakarta Barat berupa penampilan kesenian terpilih dari Samrah Nusantara. Mau lihat persembahan seni budaya lainnya dari Disbud DKI? Kunjungi Pekan Raya Jakarta mulai dari 14 Juni - 16 Juli di Kemayoran, Jakarta Pusat.

Jangan sampai terlewat.",in,,,,31,2023-07-08T08:49:41.000Z,/disbuddki/status/1677600832106422272
@disbuddki,"Dinas Kebudayaan Provinsi DKI Jakarta melalui Suku Dinas Kebudayaan Jakarta Barat memberikan dukungan kebudayaan pada perayaan Pekan Raya Jakarta tahun 2023, Selasa, 4 Juli 2023.

#DisbudDKI",in,1,,,88,2023-07-08T08:49:39.000Z,/disbuddki/status/1677600826418954240
@Beritasatu,Ajang kecantikan atau beauty pageant contest yang digelar untuk memeriahkan Pekan Raya Jakarta (PRJ) atau Jakarta Fair Kemayoran (JFK) akan diadakan malam ini.,in,,,,486,2023-07-08T07:57:34.000Z,/Beritasatu/status/1677587717188911105
@Sillyiliy,"Dapet Tiket Konser Gratis di Jakarta Fair Kemayoran.

Di hari Jum’at pagi tuh temen kantor heboh ngajak ke PRJ / Pekan Raya Jakarta / Jakarta Fair, aku yg notabene suka cape kalo ke tempat rame awalny nolak tp akhirny mau ya sesekali katanya org kampung biar tau PRJ kek mana hmm",in,1,,,229,2023-07-08T07:49:38.000Z,/Sillyiliy/status/1677585722700881922
@Beritasatu,"Setelah 25 hari berlangsung, Pekan Raya Jakarta (PRJ) atau Jakarta Fair 2023 telah dikunjungi lebih dari tiga juta orang.",in,,,,516,2023-07-08T04:01:35.000Z,/Beritasatu/status/1677528331707899911
@IndahLogistikId,"Siapa yang udah ke Pekan Raya Jakarta atau PRJ? Atau ada yang belum sama sekali ke sana? Huhu sama dong kayak mimin 

Serunya ke PRJ itu, selain banyak diskon, banyak juga stand makanan, dan bisa nonton konser juga lhoo...
Nah, biasanya apa sih yang kamu incar kalo ke PRJ??",in,,,,95,2023-07-08T03:37:24.000Z,/IndahLogistikId/status/1677522244162191360
@secretsleuthing,jastip prj ( pekan raya jakarta ) berikut harga fee nya visit pri tanggal 12 tapi open mulai dari sekarang ya last open tanggal 12,in,,,1,198,2023-07-07T15:08:28.000Z,/secretsleuthing/status/1677333770779922433
@narraofficial_,"Hallo Narrative
 untuk para warga Jakarta Selatan/Jakarta Timur/Jakarta Utara.. sampai ketemu besok
#narra #narrative #music #musik #musisi #jakartaselatan #jakartatimur #jakartautara #blokm #taminisquare #jakartafair #pekanrayajakarta #prj #jakarta #indonesia",in,,,,193,2023-07-07T14:39:17.000Z,/narraofficial_/status/1677326426570215426
@baladoo_,pekan raya jakarta,in,,,,32,2023-07-07T12:48:30.000Z,/baladoo_/status/1677298546889080832
@211002cangtip,"Pekan raya jakarta, kek bazar gede gt trs ada konsernya, bnyak promo jg dsna seru",in,,,,65,2023-07-07T11:18:23.000Z,/211002cangtip/status/1677275865661702147
@revilonolobmis,Yakin mau ke Pekan Raya Jakarta PRJ Kemayoran di Malam Hari??!! #JakartaFair2023 #jakarta #prj,in,,,,71,2023-07-07T10:15:46.000Z,/revilonolobmis/status/1677260108286554112
@nanodoyie,Jastip pekan raya jakarta fair 2023 Npure Buy1 Get1,in,1,,,373,2023-07-07T09:51:36.000Z,/nanodoyie/status/1677254024717017089
@nanodoyie,Jasa titip jastip prj pekan raya jakarta fair 2023 kutek 5ribuan marimar,in,1,,,445,2023-07-07T09:47:53.000Z,/nanodoyie/status/1677253092604260353
@nanodoyie,Jasa titip jastip prj pekan raya jakarta fair 2023 MR DIY Milk life Bakpia phatok,in,1,,,335,2023-07-07T09:46:20.000Z,/nanodoyie/status/1677252701204402176
@nanodoyie,Jasa titip jastip prj pekan raya jakarta 2023 chiki chiki milk lyfe oatside,in,1,,1,367,2023-07-07T09:43:05.000Z,/nanodoyie/status/1677251884200120321
@jalur5_,"Antusiasme pengguna @pt_transjakarta ke Pekan Raya Jakarta Jiexpo Kemayoran hari ini (6/7). Transjakarta menyediakan rute PRJ2 Matraman Baru - Jiexpo pp untuk pengguna Koridor 5 yang akan menuju PRJ.

V: @onealawan",in,,2,5,"1,357",2023-07-06T16:08:37.000Z,/jalur5_/status/1676986517401780224
@AlikaKujo_Jolyn,Kerak telor time!! #prj #pekanrayajakarta #jakartafair #Chunli #StreetFighter,in,,1,1,151,2023-07-06T15:40:34.000Z,/AlikaKujo_Jolyn/status/1676979459499622400
@kumparan,Pekan Raya Jakarta (PRJ) sebagai salah satu acara terbesar se-Asia tenggara ternyata dapat berperan serta meningkatkan perekonomian masyarakat. #userstory,in,,,2,"2,133",2023-07-06T14:49:02.000Z,/kumparan/status/1676966488849403904
@sunudpk,tags. pekan raya jakarta prj jakarta fair 2023 lost and found copet maling bangsat,in,,,,293,2023-07-06T13:45:52.000Z,/sunudpk/status/1676950594152701954
@Nabilanrzhra,"Jastip prj untuk percikian & bluder cokro udah close yaa guys! buat produk yang lainnya masih bisa cuss langsung wa atau dm aku aja, dibelanjakan hari minggu
#jastipprj #pekanrayajakarta",in,1,,,262,2023-07-06T10:56:56.000Z,/Nabilanrzhra/status/1676908079097712641
@SunnyGoldID,"PERHATIAN PERHATIAN

Ada misi rahasia yang bisa bikin ayang senyum senyum!

Yuuuk geser ke kiri dan ikuti misi nya ya, Golden Friends
#SunnyGold #PRJ #PekanRayaJakarta #JakartaFair",in,,,,61,2023-07-06T10:44:28.000Z,/SunnyGoldID/status/1676904944006496256
@MarwahIsarotul,Pekan raya jakarta,in,,,,29,2023-07-06T08:04:40.000Z,/MarwahIsarotul/status/1676864727098748928
@energi_juang,"PUAN MAHARANI APRESIASI PELAKSANAAN PRJ 2023

Ketua DPR RI Puan Maharani mengapresiasi pelaksanaan Pekan Raya Jakarta (PRJ) atau Jakarta Fair 2023 yang saat ini sedang berlangsung di JIExpo Kemayoran, Jakarta.",in,1,,,82,2023-07-06T07:18:49.000Z,/energi_juang/status/1676853188270620672
@PKCTamansari,"Hi Sobat Sehat Taman Sari
Puskesmas Kecamatan Taman Sari Hadi turut berpartisipasi loh dalam rangkaian ulang tahun kota tercinta kita ini, yaitu Pemeriksaan Kesehatan di Pekan Raya Jakarta pada tanggal 25 Juni lalu.",in,1,,,80,2023-07-06T00:28:32.000Z,/PKCTamansari/status/1676749940331282432
@Opet213,"Pekan Raya Jakarta.. rabu, 5 juli 2023 ",in,,,,46,2023-07-05T15:06:50.000Z,/Opet213/status/1676608583440515072
@disbuddki,"Jangan sampai terlewat yaa~

#DisbudDKI
#SudinbudJaksel
#PRJ2023
#PekanRayaJakarta
#SeniBudaya",in,,,1,40,2023-07-05T14:53:43.000Z,/disbuddki/status/1676605282925912064
@disbuddki,"Dukungan yang diberikan dari Sudinbud Jakarta Selatan berupa penampilan kesenian terpilih dari Artistic Band. Mau lihat persembahan seni budaya lainnya dari Disbud DKI? Kunjungi Pekan Raya Jakarta mulai dari 14 Juni - 16 Juli di Kemayoran, Jakarta Pusat.",in,,,2,32,2023-07-05T14:53:37.000Z,/disbuddki/status/1676605254480035842
@disbuddki,"Dinas Kebudayaan Provinsi DKI Jakarta melalui Suku Dinas Kebudayaan Jakarta Selatan memberikan dukungan kebudayaan pada perayaan Pekan Raya Jakarta tahun 2023, Senin, 3 Juli 2023.",in,2,1,2,109,2023-07-05T14:53:23.000Z,/disbuddki/status/1676605197932429313
@kompasiana,Nonton konser hingga Berburu Ciki di Pekan Raya Jakarta (PRJ) 2023,in,,,,345,2023-07-05T14:28:03.000Z,/kompasiana/status/1676598820652679170
@0x1sputnik_shop,"WTS Open Jastip Pekan Raya Jakarta ( PRJ ) Jakarta Fair
7 Agustus 2023
 Available req barang
 Co shopee
 Fee start from 2k 

Join grup jastip on WA : https://chat.whatsapp.com/JtdO94WlLQxEfPagipw1jR…",in,,,,358,2023-07-05T12:18:11.000Z,/0x1sputnik_shop/status/1676566138283790337
@JakartaFairID,"Udah pada tahu belum kalo #JakartaFair2023 juga bakalan ada di Surabaya? 

Namanya bakal menjadi PRJ-Surabaya, Pekan Raya Jatim - Surabaya, bukan Pekan Raya Jakarta - Surabaya ya Sobat JFK!

Kalau belum pada lihat, nih Mimin bagikan lagi infonya! Selamat membaca & menonton!",in,,,2,386,2023-07-05T07:41:43.000Z,/JakartaFairID/status/1676496563336773633
@pelindosolusi,"Hello #Portizen

Pergi ke Kota naik Kereta
Minum kopi sama kue buaya
Masih memperingati HUT Jakarta
Jangan lupa berkunjung ke Pekan Raya",in,1,,1,59,2023-07-05T07:06:21.000Z,/pelindosolusi/status/1676487664659501063
@maria_ocha_,"Hiiii !!!! Akuu mau open jastip PRJ ( Pekan Raya Jakarta) fee 5K/item
Bolehh DM yaaaa kak nnti di kirim grup WA nya",in,1,,,233,2023-07-05T05:44:38.000Z,/maria_ocha_/status/1676467099039076352
@VIVAcoid,"Melanjutkan kesuksesan Jakarta Fair dan Jatim Fair, Pekan Raya Jatim (PRJ)-Surabaya 2023 siap digelar. Diselenggarakan selama sembilan hari yakni mulai dari 14 hingga 22 Oktober 2023 PRJ-Surabaya ini akan digelar di Grand City Mall dan Convex Surabaya.
https://buff.ly/3CZqMS0",in,,,,550,2023-07-05T04:00:01.000Z,/VIVAcoid/status/1676440770859892736
@mathcaaddct,Pekan raya Jakarta ka di kemayoran,in,,,,114,2023-07-05T03:55:31.000Z,/mathcaaddct/status/1676439641699020801
@azizasyari1993,"Muleh kerjoo, Ngolllek keringeet 

Ngambyarr bareng ! 

JIEXPO Kemayoran

#PekanRayaJakarta #PRJ2023 #SobatAmbyar",in,,,1,92,2023-07-04T15:21:03.000Z,/azizasyari1993/status/1676249771663826946
@kompascom,Perumnas menawarkan beragam hunian yang dipamerkan dalam event Jakarta Fair Kemayoran atau Pekan Raya Jakarta (PRJ) 2023.,in,,1,1,"3,175",2023-07-04T14:43:33.000Z,/kompascom/status/1676240332659515393
@CNNIDdaily,"Acara menyanyi bersama lagu-lagu korea atau ""NORAEBANG"" masih berlangsung hingga Minggu ketiga Pekan Raya Jakarta. Dengan tema lagu-lagu hits seluruh generasi K-Pop ""NORAEBANG"" Sabtu malam di Hall C1 PRJ suskes dan belangsung meriah. http://cnnindonesia.com/tv",in,,1,1,548,2023-07-04T13:30:01.000Z,/CNNIDdaily/status/1676221828367536128
@soutienhypen,pekan raya jakarta ,in,1,,,54,2023-07-04T06:29:45.000Z,/soutienhypen/status/1676116067905863686
@DealerHyundaiJ1,"Buat kamu yang mau balik dari kantor, jangan lupa nyalain auto headlamp di Hyundai CRETA ya. Biar lampu otomatis menyala saat kamu berada di jalanan/terowongan yang gelap. 
#Hyundai #HyundaiIndonesia #CRETA #PekanRayaJakarta #JakartaFair #JakaratFair2023 #jiexpokemayoran",in,,,,94,2023-07-04T04:23:21.000Z,/DealerHyundaiJ1/status/1676084255041126400
@PancoranHyundai,"Buat kamu yang mau balik dari kantor, ingat nyalain auto headlamp di CRETA ya. Biar lampu otomatis menyala saat kamu berada di jalanan/terowongan yang gelap. 
#Hyundai #HyundaiIndonesia #CRETA #PekanRayaJakarta #JakartaFair #JakaratFair2023 #jiexpokemayoran #gambirexpo",in,,,,65,2023-07-04T04:20:52.000Z,/PancoranHyundai/status/1676083633021669382
@andhiaa,"sekilas PRJ area Beauty Hall.. lmyn si diskon2nya, gw beli lipstick/tint cm 5rbuan, nemu nail polish aka kuteks ada jg yg sgtuan.. ketemu mas2 ini jg jualannya pd semangat bgt  #PekanRayaJakarta #JakartaFair #GambirExpo",in,,,,169,2023-07-04T02:45:59.000Z,/andhiaa/status/1676059752781197312
@liaanugerahw,"Ketika mas hasan ro mas bagus dalam satu panggung, isine gur curahan ati kabeh 
#aftershine #guyonwaton #pekanrayajakarta #jiexpokemayoran #prj",in,,,,166,2023-07-03T18:05:49.000Z,/liaanugerahw/status/1675928849274773504
@inilahdotcom,"Museum Rekor Indonesia (MURI) mencatat rekor inovasi di industri makanan ringan Indonesia, yaitu Wafer Stick terpanjang di dunia yang diraih oleh Fullo di area Pekan Raya Jakarta, Kemayoran, Jakarta, Senin (3/7/2023). Tim MURI telah memverifikasi…",in,,,,165,2023-07-03T18:02:04.000Z,/inilahdotcom/status/1675927906349125632
@flosxsz,akhirnya deny caknan nyobain pekan raya jakarta @akbalal,in,,,,582,2023-07-03T16:49:03.000Z,/flosxsz/status/1675909529295556608
@cianjurekspres,"Pergi ke Pekan Raya Jakarta (PRJ) dapat menjadi pilihan untuk mengisi libur akhir pekan. Semarak Jakarta Fair 2023 masih berlangsung hingga 12 Juli nanti di JIExpo Kemayoran, Jakarta Utara.",in,,,,66,2023-07-03T04:59:00.000Z,/cianjurekspres/status/1675730838716284929
@officialinews_,"Libur panjang akhir pekan dalam momen Iduladha juga dimanfaatkan masyarakat untuk berkunjung ke Pekan Raya Jakarta. Antrean panjang sejak di pintu masuk mengular.

#iNews #iNewsMalam #jakartafair #PekanRayaJakarta #Jakarta #Pameran #Kuliner #PRJ2023",in,,,,200,2023-07-03T03:45:00.000Z,/officialinews_/status/1675712216128196610
@josefchristiana,"ini hp nya gais , 14 pro max pake case bening & ada foto polaroid aku sama mas pacar  yg bisa bantu akan aku kasi reward data2 nya bener2 penting  makasih semua #prj #malingprj #pekanrayajakarta #malinghp",in,1,,1,337,2023-07-03T03:37:40.000Z,/josefchristiana/status/1675710372412805128
@perumahandki,"Kepala Unit Pengelola Dana Perumahan (UPDP) DPRKP, pada:

 Senin, 3 Juli 2023
 Pukul 19.00 WIB
 Main Stage Anjungan Provinsi DKI Jakarta,
Hall C1, Pekan Raya Jakarta (PRJ) 2023
 Live Streaming Instagram @dinasperumahan.jakarta
#DPRKP #DKIJakarta
#DinasPerumahan",in,,,,114,2023-07-03T01:17:22.000Z,/perumahandki/status/1675675062639132676
@iky_rizky19,Keliling Jakarta Fair 2023 @JakartaFairID #JakartaFair2023 #prj #pekanrayajakarta #serunyaliburan,in,,,,184,2023-07-02T16:39:28.000Z,/iky_rizky19/status/1675544731718397952
@baeyeonyxx,"Pekan raya jakarta, banyak diskonann",in,1,,,136,2023-07-02T15:18:38.000Z,/baeyeonyxx/status/1675524387137781760
@aishafitriiii,"Haa gimana si ini konsepnya ? Jadi Pekan Raya Jakarta Surabaya ? Ini di jakarta atau surabaya, duh maksain bgt min :"")",in,,,,144,2023-07-02T14:13:06.000Z,/aishafitriiii/status/1675507895272878081
@ekawidyy,"Pekan Raya Jakarta
perdana ke prj sih ini wkwk",in,,,,146,2023-07-02T13:57:23.000Z,/ekawidyy/status/1675503940488818688
@jastipdimel,"OPEN JASTIP PRJ BARENBLISS 50% 
yang mau bisa join tele http://t.me/jastipdimel atau dm ig http://instagram.com/jastipdimel
#zonauang #zonajajan #zonaBA #zonajastip #prj2023 #pekanrayajakarta",in,,,,516,2023-07-01T17:02:46.000Z,/jastipdimel/status/1675188204906115073
@depressedwLA," JASTIP PEKAN RAYA JAKARTA (PRJ) 

Jika kalian tertarik untuk menggunakan jasa titip barang prj, silahkan hubungin contact minluv yang tertera yaa . Happy shopping .",in,,1,,402,2023-07-01T16:59:19.000Z,/depressedwLA/status/1675187336227991553
@BibaSandwich,"wts voucher Levis 150k hadiah menang challange pull up 60 detik. s&k baca di foto bayar seiklasnya aja #wts #zonauang #prj #pekanrayajakarta 

wts wtb wto zonauang",in,,,,215,2023-07-01T15:51:46.000Z,/BibaSandwich/status/1675170339037548544
@friedpeanuts__,"Gais, yg hari ini ke PRJ (pekan raya jakarta) sabtu (1 Juli 2023), merasa menemukan hp iphone 13, warna putih dengan casing ho bening, wallpaper kayak seperti di foto ini, tolong bantu dm aku ya gaiss, makasih banyakk!!",in,,2,,366,2023-07-01T14:15:29.000Z,/friedpeanuts__/status/1675146106299375616
@CommuterLine,"Selamat malam. Kami informasikan dari data yang kami dapat, stasiun terdekat dari Pekan Raya Jakarta, Jakarta International Expo adalah Stasiun Rajawali (2km dari lokasi tersebut). |1",in,1,,,77,2023-07-01T12:44:49.000Z,/CommuterLine/status/1675123289419829248
@forsalethings_,"Open jastip prj aku dom bekasi timur ya 

Tags wts wtb jasa titip pekan raya jakarta prj",in,,,,242,2023-07-01T11:28:58.000Z,/forsalethings_/status/1675104201582727168
@mobbi_id,"Hai, Sobi!
Untuk pertama kalinya, mobbi ikutan nih di event tahunan Jakarta, yaitu Pekan Raya Jakarta 2023!

mobbi juga memberikan promo-promo menarik untuk kamu yang melakukan transaksi jual atau beli mobil bekas loh!

#mobbidariASTRA #mobbiPestaMobilBekas #mobbiJakartaFair",in,,,,130,2023-07-01T10:54:34.000Z,/mobbi_id/status/1675095546728693760
@prkjeimiin,"Pekan Raya Jakarta 
Liat orang ini mah awokawoak",in,,,,195,2023-07-01T09:51:07.000Z,/prkjeimiin/status/1675079575892791296
@beargmite,Pekan Raya Jakarta ,in,13,53,954,84.2K,2023-06-30T13:04:21.000Z,/beargmite/status/1674765818251575296
@itsssinke,"wtb 3 tiket prj regular buat tanggal 2 juli 
tags. wts want to buy pekan raya jakarta , jakarta fair last child stand here alonw

#zonaba #zonauang #zonajajan",in,2,,,917,2023-06-30T11:58:06.000Z,/itsssinke/status/1674749144341295104
@TiasKusuma39932,"pekan raya jakarta, jakarta fair",in,,,,60,2023-06-30T11:45:53.000Z,/TiasKusuma39932/status/1674746070520430592
@yudhaa_wan,"udah kaya abis belanja bulanan wkwk
#PekanRayaJakarta",in,,,3,202,2023-06-30T11:15:57.000Z,/yudhaa_wan/status/1674738539236573190
@narraofficial_,"Hallo Narrative

Panggilan khusus untuk para warga yang berkunjung JakartaFair See You
#narra #narrative #diam #kisah #music #musik #musisi #jakartafair #pekanrayajakarta #prj #jakarta #indonesia",in,,,,122,2023-06-30T11:12:51.000Z,/narraofficial_/status/1674737757921611776
@tobiasberto,"Orang-orang pada bahas PRJ.
Baru tau ternyata Pekan Raya Jakarta ",in,,,,121,2023-06-30T09:52:58.000Z,/tobiasberto/status/1674717654450589697
@the_serotonins,"wtb tiket prj regular + konser buat tanggal 2 juli 
tags. pekan raya jakarta , jakarta fair last child stand here alonw
#zonaba #zonauang #zonajajan",in,,,,537,2023-06-30T08:47:07.000Z,/the_serotonins/status/1674701082499461120
@GTVID_News,"Pekan Raya Jakarta Kemayoran terus dipadati para pengunjung. Pengunjung datang dari berbagai daerah untuk memanfaatkan waktu libur panjang bersama dengan keluarga. BIB

#GTV #News #Berita #PekanRayaJakarta #PRJ #Liburan",in,,,,130,2023-06-30T08:30:00.000Z,/GTVID_News/status/1674696777637957633
@optikmelawai,"Mau promo Buy 1 Get 1 Free frame & sunglasses? Kunjungi Optik Melawai di arena @jakartafairid i Hall D no.6.

Untuk pemakai softlens juga ada banyak promo menarik lho!

#optikmelawai #jakartafair #JakartaFair2023 #pekanrayajakarta

S&K berlaku",in,,,,250,2023-06-30T08:22:43.000Z,/optikmelawai/status/1674694943519158273
@mediaindonesia,"KEPALA Dinas Perhubungan DKI Jakarta Syafrin Liputo mengimbau agar pengunjung Pekan Raya Jakarta (PRJ) atau Jakarta Fair Kemayoran menggunakan angkutan umum untuk menuju arena hiburan dan niaga tersebut.

Sumber:",in,,1,,729,2023-06-29T12:57:17.000Z,/mediaindonesia/status/1674401650843459585
@imyoungah_,"Wts tiket prj buat besokkkk salah beli hrusnya buat hari ini

Ada 4 tiket , 25k/tiket

#prj #pekanrayajakarta #jakartafair #zonauang",in,3,,,"1,153",2023-06-29T09:13:48.000Z,/imyoungah_/status/1674345410226458624
@Jastipboss,Guys yg lagi cari avoskin aku open jastip sale avoskin di PRJ yakk kapan lagi avoskin diskon segilaa iniii.. bisa dm for more infoo  #jastipavoskin #jastpprj #prj #PRJ #pekanrayajakarta #jakartafair,in,,,,568,2023-06-29T09:04:11.000Z,/Jastipboss/status/1674342989764894722
@disbuddki,"Dukungan yang diberikan dari Sudinbud Jakarta Barat berupa penampilan Kesenian Terpilih dari Band Pasdarska. Mau lihat persembahan seni budaya lainnya dari Disbud DKI? Kunjungi Pekan Raya Jakarta mulai dari 14 Juni - 16 Juli di Kemayoran, Jakarta Pusat.

Jangan sampai terlewat ya",in,,,1,58,2023-06-29T08:09:23.000Z,/disbuddki/status/1674329198637510657
@disbuddki,"Dinas Kebudayaan Provinsi DKI Jakarta melalui Suku Dinas Kebudayaan Jakarta Barat memberikan dukungan kebudayaan pada perayaan Pekan Raya Jakarta tahun 2023, Rabu 28 Juni 2023.

#DisbudDKI
#SudinbudJakbar
#PRJ2023
#PekanRayaJakarta
#senibudaya",in,1,1,1,120,2023-06-29T08:09:22.000Z,/disbuddki/status/1674329196070572033
@Bisniscom,Sejumlah brand turut menawarkan promo bagi para pengunjung yang hadir dalam Pekan Raya Jakarta (PRJ) atau Jakarta Fair 2023.,in,,,,585,2023-06-29T06:42:10.000Z,/Bisniscom/status/1674307249572028417
@diaprxx,"WTS 2 Tiket reguler PRJ only 40k aja per tiket jadi total 80k, buat Sabtu 01 Juli, atas nama pribadi, tinggal share link e-tiket, masuk ga cek ID lsg scan barcode tiket #PRJ #JakartaFair #PekanRayaJakarta #WTS #zonauang",in,,1,,"1,285",2023-06-29T02:33:00.000Z,/diaprxx/status/1674244545188610049
@KEEWAYINDO,Kunjungi booth Keeway EV kami di Hall A No. 22B Pekan Raya Jakarta Kemayoran #Benelli #Keeway #Benellikeewaysatujuta #emang boleh seganteng ini,in,,,,127,2023-06-28T10:18:39.000Z,/KEEWAYINDO/status/1673999341747568640
@benelli_motor,Kunjungi booth Keeway EV kami di Hall A No. 22B Pekan Raya Jakarta Kemayoran #Benelli #Keeway #Benellikeewaysatujuta,in,,,1,110,2023-06-28T10:16:33.000Z,/benelli_motor/status/1673998814708125696
@DeallsJobs,"American Donat udah jualan sejak 1968 pas Djakarta Fair (sekarang dikenal dengan Pekan Raya Jakarta) pertama kali diadain di Monas

Selain di PRJ, mereka pernah jualan online lewat IG. Tapi, sayangnya udah gak aktif sejak 2021.",in,1,,,497,2023-06-28T09:59:54.000Z,/DeallsJobs/status/1673994625462452226
@disbuddki,"Mau lihat persembahan seni budaya lainnya dari Disbud DKI? Kunjungi Pekan Raya Jakarta mulai dari 14 Juni - 16 Juli di Kemayoran, Jakarta Pusat.

Jangan sampai terlewat yaa~

#DisbudDKI
#SudinbudKepSeribu
#PRJ2023
#PekanRayaJakarta
#SeniBudaya",in,,,1,80,2023-06-28T09:16:31.000Z,/disbuddki/status/1673983707114541057
@disbuddki,"Dinas Kebudayaan Provinsi DKI Jakarta melalui Suku Dinas Kebudayaan Kepulauan Seribu memberikan dukungan kebudayaan pada perayaan Pekan Raya Jakarta tahun 2023, Selasa, 27 Juni 2023.

Dukungan yang diberikan dari Sudinbud Kepulauan Seribu berupa penampilan dari SNB Grup.",in,1,1,4,208,2023-06-28T09:16:23.000Z,/disbuddki/status/1673983671274209280
@gfkakjaemin,"wts tiket ke prj tanggal 5 juli tanpa konser 2 tiket cmn 50 rb, yang minat dm ya

#wts #prj #pekanrayajakarta #zonauang️",in,3,,,407,2023-06-28T08:40:01.000Z,/gfkakjaemin/status/1673974519781031936
@eprayit07_punya,Pekan Raya Jakarta,in,,,,78,2023-06-28T08:35:33.000Z,/eprayit07_punya/status/1673973395971801088
@sajiansedap,"Buat yang belum sempat ke PRJ/Jakarta Fair, merapat! Idul Adha tetap buka, yuk, buruan beli tiketnya! Naik KRL & MRT dijamin enggak kena macet! 

#prj #jakartafair #pekanrayajakarta #jakartafair2023 #gridfame",in,,,,361,2023-06-28T08:00:22.000Z,/sajiansedap/status/1673964543628951554
@iyajall,"pekan raya jakarta, isinya pameran bnyak pokoknya",in,,,,68,2023-06-28T06:56:04.000Z,/iyajall/status/1673948363069460481
@detikfinance,"Pagelaran tahunan di momen HUT DKI Jakarta ke-496, Pekan Raya Jakarta (PRJ) atau Jakarta Fair atau 2023 berlangsung sepanjang 14 Juni sampai 16 Juli 2023.",in,,,,716,2023-06-27T17:14:11.000Z,/detikfinance/status/1673741528798314509
@Arvizaya,"Yo man here, Pekan Raya Jakarta",in,1,,,134,2023-06-27T16:34:23.000Z,/Arvizaya/status/1673731511181533185
@suksaetbyeoli7,"Noraebang event with Teume in Pekan Raya Jakarta debut on CNN Indonesia TV

Teume INA Gokils!! Seru Abiss!!

 Watch full video
https://youtu.be/AW5FbMFxA00",in,6,265,782,16.8K,2023-06-27T15:46:45.000Z,/suksaetbyeoli7/status/1673719526545068032
@europenextyears,"WTS want to sell tiket masuk Pekan Raya Jakarta PRJ Jakarta Fair untuk Jumat, 30 Juni 2023 

4 tiket (2 tiket masuk only, 2 tiket masuk + konser VIP) harga sesuai website

Konser: Bilal Indrajaya & Pamungkas",in,,,,534,2023-06-27T15:17:49.000Z,/europenextyears/status/1673712243215847424
@fierypits,Pekan Raya Jakarta!! Hwaaaargh semoga cepet masuk retail,in,,,,63,2023-06-27T15:15:54.000Z,/fierypits/status/1673711760547905536
@melodyfs_,"Ada yang suka Budi Doremi juga? 
Beruntung banget, sih, tanggal 22 Juni kemarin aku bisa nyempatin main ke Jakarta Fair 2023 atau Pekan Raya Jakarta bareng @srchwinter 
Jadi bisa dengerin lagu-lagu ini secara live ",in,1,1,15,"1,154",2023-06-27T14:54:05.000Z,/melodyfs_/status/1673706270472409089
@SunnyGoldID,"Siap-siappp! Besok mimin ngadain Live Cooking lagi nih di @jakartafairid 

Buat Golden Friends yang mau dapat hadiah total ratusan ribu rupiah, stay tuned yaaa di live nya! 
#SunnyGold #InstagramLive #LiveCooking #PekanRayaJakarta #PRJ2023 #Giveaway",in,,,,12,2023-06-27T10:09:14.000Z,/SunnyGoldID/status/1673634586436440069
@MNCupdate,"Video viral di media sosial seorang pria berhasil menganngkat 7 kg emas di Pekan RAya Jakarta. Gimana nih tanggapan Updaters? 

#PekanRayaJakarta #PRJ #7kgemas #emas #bertiavrial #viral #HotGossip #MNCUpdate #Updaters",in,,,,226,2023-06-27T09:08:37.000Z,/MNCupdate/status/1673619332847517696
@inilahdotcom,"Kapolres Metro Jakarta Pusat Kombes Komarudin angkat bicara soal banyaknya parkir liar di area Pekan Raya Jakarta (PRJ), Kemayoran, Jakarta Pusat. Hal tersebut lantaran kurangnya kapasitas parkir yang tidak cukup, membuat banyak titik parkir liar…",in,,,,253,2023-06-26T16:26:07.000Z,/inilahdotcom/status/1673367043444449280
@ilovmslf,"ini threadnya yeahhh sung dm yuu, bisa shipping shopeee gas claim free ongkir

tags; jastip prj pekan raya jakarta jakarta fair jasa titip",in,,,,458,2023-06-26T14:57:30.000Z,/ilovmslf/status/1673344742342504451
@ilovmslf,"ada titipan kamu gak nih disinii? yuk yang mau jastip prj barengin berangkat besok 27 juni langsung kirim hari rabu 

OPEN JASTIP PRJ PEKAN RAYA JAKARTA -— BEAUTY & SNACKS selengkapnya CEK PINNED",in,2,,,980,2023-06-26T14:45:11.000Z,/ilovmslf/status/1673341640910446598
@inilahdotcom,"Polisi mengimbau masyarakat untuk waspada terhadap komplotan pencopet saat berkunjung Pekan Raya Jakarta (PRJ), Kemayoran, Jakarta Pusat. Imbauan ini diberikan menyusul telah diamankannya sepasang pasutri pencopet. “Kami himbau kepada masyarakat ke PRJ…",in,,,,230,2023-06-26T14:44:06.000Z,/inilahdotcom/status/1673341368603750401
@kompasiana,Pekan Raya Jakarta,in,,,,428,2023-06-26T14:41:16.000Z,/kompasiana/status/1673340655270084609
@menganjj,aku ga tau konsepnya prj. sebagai org luar kota dulu ku kira prj tuh pekan raya yg memang ditujukan buat rakyat sekitar. pas udah disini dan tau betapa ga friendly nya harga di prj untuk kalangan semua lapis rakyat yg ada di jakarta.. yg ga cuma kaum elit doang,in,,,,102,2023-06-26T14:39:31.000Z,/menganjj/status/1673340218227806208
@KokuLeaperSCARA,"*LIST EVENT JABODETABEK JULI 2023*
•BERWIBURIA 
:1 Juli 2023
:Mega Bekasi Hypermall

•Revo Japan Festival
:2 Juli 2023
:Revo Town Bekasi

•MajaMojo x MyShowtime cosplay competition
:1-2 Juli 2023
:Pekan Raya Jakarta(PRJ)",in,1,3,4,833,2023-06-26T14:32:25.000Z,/KokuLeaperSCARA/status/1673338430179139585
@ilovmslf, Jasa Titip Jastip PRJ Pekan Raya Jakarta Beauty Make Up Xiu Xiu ,in,1,,,"1,215",2023-06-26T08:28:19.000Z,/ilovmslf/status/1673246800403111937
@ilovmslf," Jasa Titip Jastip PRJ Pekan Raya Jakarta Snack Chocomory 

belum termasuk jastip yaa",in,1,,,663,2023-06-26T08:26:51.000Z,/ilovmslf/status/1673246430801297409
@gaadnamalol,Pekan raya jakarta atau jakarta fairr,in,1,,,86,2023-06-26T07:37:10.000Z,/gaadnamalol/status/1673233927476232192
@dearmariya,"Pekan Raya Jakarta, isinya baazar yang diisi tenant kayak Eiger, Yamaha, Indomie, Erafone, dsb. ada beberapa UMKM juga

ngga ada particular activity yang gimana-gimana banget tapi selain belanja sama nonton konser",in,1,,,73,2023-06-26T07:14:26.000Z,/dearmariya/status/1673228209746485249
@kompascom,"Bila ingin berbelanja beragam barang di Pekan Raya Jakarta (PRJ) 2023 atau Jakarta Fair 2023, simak beberapa tips berikut ini:",in,,,,"2,058",2023-06-26T06:42:03.000Z,/kompascom/status/1673220059790204929
@IDNTimes,"Sebuah video yang memperlihatkan detik-detik seorang pria yang berhasil mengeluarkan emas batangan seberat tujuh kilogram di Pekan Raya Jakarta (PRJ) atau Jakarta Fair 2023, Kemayoran viral di media sosial.

https://idntimes.com/news/indonesia/dini-suciatiningrum/viral-pria-ini-keluarkan-emas-7-kg-di-prj-hadiah-aslinya-berapa?utm_source=twitter&utm_medium=twitter&utm_campaign=twitter…",in,,,,366,2023-06-26T06:32:00.000Z,/IDNTimes/status/1673217528137412608
@chiffonkue,"hi aku mau cari yg open jastip PRJ, bisa lewat shopee dan gratong ya

#zonauangᅠ
#pekanrayajakarta
#prj",in,2,,,293,2023-06-26T06:02:36.000Z,/chiffonkue/status/1673210130551422977
@bubuyuta_,masih yaa kak open jastip barang di PRJ #UTBK #PekanRayaJakarta,in,1,,,310,2023-06-26T04:36:30.000Z,/bubuyuta_/status/1673188464341430274
@keranjang99,OPEN JASTIP PRJ PEKAN RAYA JAKARTA -— BEAUTY & SNACKS YA GAIS . Bisa dm aku ya <3 #zonauang,in,,,,471,2023-06-26T02:41:07.000Z,/keranjang99/status/1673159427481042944
@keranjang99,OPEN JASTIP PRJ PEKAN RAYA JAKARTA -— BEAUTY & SNACKS YA GAIS . Bisa dm aku ya <3,in,1,,,351,2023-06-26T02:40:47.000Z,/keranjang99/status/1673159341422313474
@whosnaauraa,"HAAIII GUYSSSS bantuu rameinn bisnis aku dan temen kuu yahhh trimakasih 

kalian gamau ribet & desek desek an jalan jalan dan belanja ke prj? @/nasa.jastip solusinyaa, harganya ramah di kantong manapun , yukk di order

#jastip #pekanrayajakarta #jakartafairkemayoran #senin",in,1,,,264,2023-06-26T02:26:09.000Z,/whosnaauraa/status/1673155656944345088
@ilovmslf,"BEBAS TERIMA REQUEST JASTIP PRJ PEKAN RAYA JAKARTA JAKARTA FAIR!! atau boleh cek pinned

LANGSUNG MOVE DM ATAU DM IG http://instagram.com/nihel.rshq 

Dibelanjain tanggal 27 yaaa",in,1,,,504,2023-06-25T15:04:38.000Z,/ilovmslf/status/1672984150993932288
@ilovmslf," Jasa Titip Jastip PRJ Pekan Raya Jakarta Snack Jolly Time 
 Harga tertera SUDAH TERMASUK JASTIP ",in,1,,,637,2023-06-25T15:03:12.000Z,/ilovmslf/status/1672983788996169731
@ilovmslf," Jasa Titip Jastip PRJ Pekan Raya Jakarta Snack Foxs Oatside Snacktime 
 Harga tertera SUDAH TERMASUK JASTIP ",in,1,,,657,2023-06-25T15:02:31.000Z,/ilovmslf/status/1672983618829033473
@ilovmslf," Jasa Titip Jastip PRJ Pekan Raya Jakarta Snack Momogi Kusuka Oishii
 Harga tertera SUDAH TERMASUK JASTIP ",in,1,,,604,2023-06-25T14:56:03.000Z,/ilovmslf/status/1672981988872159232
@ilovmslf," Jasa Titip Jastip PRJ Pekan Raya Jakarta Snack Bittersweet by Najla 

SIAPA YG BELOM KESAMPEAN BELI BITTERSWEET KARENA TIM MENDANG MENDING?? LANGSUNG DM INI HARGANYA MURAH MURAH BGTTT GASSSS",in,1,,,730,2023-06-25T14:32:44.000Z,/ilovmslf/status/1672976122915745793
@ilovmslf," OPEN JASTIP PRJ PEKAN RAYA JAKARTA -— BEAUTY & SNACKS 

Open order SETIAP HARI for snack & makeup skincare!

 Kirim ke seluruh indonesia
 Bisa via shopee
 Fee 5-15k
 DM twt atau ig http://instagram.com/nihel.rshq

Any Request langsung DM yaapz

NEXT VISIT 27 JUNI",in,1,1,,"1,967",2023-06-25T14:20:28.000Z,/ilovmslf/status/1672973034163154944
@sosmedkeras,"Jakarta Fair 2023 atau Pekan Raya Jakarta (PRJ) yang selalu digelar setiap tahun di Kemayoran, Jakarta Pusat, menjadi magnet hiburan tersendiri bagi masyarakat.

Harga ketak telor yang ditawarkan juga berbeda, pengunjung cukup merogoh gocek Rp20 ribu sampai Rp25 ribu, apabila… Show more",in,860,"1,382",13.7K,2.3M,2023-06-25T13:32:43.000Z,/sosmedkeras/status/1672961018669199361
@padireborn,"Hari ini kemana Sob? Paling asik sih weekend gini ke Pekan Raya Jakarta 2023 di Jiexpo Kemayoran!

Langsung aja checkout tiketnya di http://jakartafair.co.id
#pekanrayajakarta2023 #PRJ #PRJ2023 #serunyatanpabatas #PadiReborn",in,,1,8,523,2023-06-25T03:55:41.000Z,/padireborn/status/1672815801383133187
@YakultIndonesia,"Weekend ini udah ada rencana belum? Daripada bingung terus akhirnya diem-diem aja di rumah, mending seru-seruan bareng di booth Yakult di Jakarta Fair Kemayoran yuk! 

Sampai ketemu di booth Yakult yaa~

#YakultIndonesia #JakartaFair2023 #PRJ #PekanRayaJakarta",in,,1,12,481,2023-06-25T03:00:02.000Z,/YakultIndonesia/status/1672801799819124736
@najienash,"wtb tiket masuk prj hari ini tgl 25 juni yg underprice
#jakartafair #prj #pekanrayajakarta",in,,,,609,2023-06-25T01:26:36.000Z,/najienash/status/1672778286496358403
@Paris88Koran,"Media sosial digegerkan dengan adanya video memperlihatkan massa pengunjung Pekan Raya Jakarta (PRJ), memergoki aksi pria diduga copet HP. Polisi sendiri sudah mengamankan terduga pelaku.
terlihat video menampilkan massa tengah berkumpul di area PRJ, Kemayoran, Jakarta Pusat.",in,1,,1,"2,108",2023-06-24T22:52:23.000Z,/Paris88Koran/status/1672739476819570689
@daytiess,pekan raya jakarta,in,,,,58,2023-06-24T19:40:13.000Z,/daytiess/status/1672691116070834176
@nadyaliauw,"hari ini Prj lagi parah banget ramenya 
jalanan juga macet total. arah sana sini macet, mobil motor ngestuck situ"" aja sampe berjam"" .

gamau comment apa"" .

#prj #pekanrayajakarta #JakartaFair2023",in,,,1,449,2023-06-24T17:13:44.000Z,/nadyaliauw/status/1672654249296277504
@disbuddki,"Mau lihat persembahan seni budaya lainnya dari Disbud DKI? Kunjungi Pekan Raya Jakarta mulai dari 14 Juni - 16 Juli di Kemayoran, Jakarta Pusat.

Jangan sampai terlewat yaa~

#DisbudDKI
#SudinbudJakpus
#PRJ2023
#PekanRayaJakarta
#SeniBudaya",in,,,3,82,2023-06-24T15:55:50.000Z,/disbuddki/status/1672634646847426561
@disbuddki,"Dinas Kebudayaan Provinsi DKI Jakarta melalui Suku Dinas Kebudayaan Jakarta Pusat memberikan dukungan kebudayaan pada perayaan Pekan Raya Jakarta tahun 2023, Jumat, 23 Juni 2023.

Dukungan yang diberikan dari Sudinbud Jakarta Pusat berupa penampilan dari Grup Musik Cahaya Muda.",in,1,,1,93,2023-06-24T15:55:24.000Z,/disbuddki/status/1672634538365960192
@ilovmslf," Jasa Titip Jastip PRJ Pekan Raya Jakarta Snack Bittersweet by Najla 

SIAPA YG BELOM KESAMPEAN BELI BITTERSWEET KARENA TIM MENDANG MENDING?? LANGSUNG DM INI HARGANYA MURAH MURAH BGTTT GASSSS",in,3,1,4,"1,603",2023-06-24T11:32:00.000Z,/ilovmslf/status/1672568250285318144
@nerofortes,Pekan Raya Jakarta.,in,1,,,89,2023-06-24T11:28:57.000Z,/nerofortes/status/1672567481368731650
@ilovmslf," Jasa Titip Jastip PRJ Pekan Raya Jakarta Beauty BLP By Lizzie Para & Salsa 

NEXT VISIT: 27 JUNI
OPEN ORDER SETIAP HARI",in,2,,,"1,439",2023-06-24T11:24:07.000Z,/ilovmslf/status/1672566265154764801
@ilovmslf, Jasa Titip Jastip PRJ Pekan Raya Jakarta Beauty Herborist ,in,1,,,"1,406",2023-06-24T11:05:35.000Z,/ilovmslf/status/1672561603248812032
@ilovmslf," Jasa Titip Jastip PRJ Pekan Raya Jakarta Beauty Npure 

banyak banget diskonnyaaa menanges",in,1,,1,"1,335",2023-06-24T11:02:44.000Z,/ilovmslf/status/1672560887683756033
@ilovmslf, Jasa Titip Jastip PRJ Pekan Raya Jakarta Beauty Herborist ,in,1,,,"1,455",2023-06-24T11:01:19.000Z,/ilovmslf/status/1672560527984463874
@ilovmslf, Jasa Titip Jastip PRJ Pekan Raya Jakarta OMG Emina Npure ,in,1,,,"1,445",2023-06-24T10:59:14.000Z,/ilovmslf/status/1672560006091378689
@ilovmslf, Jasa Titip Jastip PRJ Pekan Raya Jakarta Whitelab Bioaqua Wardah ,in,1,,2,"1,793",2023-06-24T10:57:48.000Z,/ilovmslf/status/1672559645024747520
@dickyhudiandy,Pekan Raya Jakarta 2023,in,2,11,179,26.7K,2023-06-24T07:56:40.000Z,/dickyhudiandy/status/1672514059730825216
@onyoursohn,WTS 2 tiket pekan raya jakarta (PRJ) tanggal 24 juni 2023 hari ini non konser. Price 35k each,in,4,,,379,2023-06-24T06:18:22.000Z,/onyoursohn/status/1672489322455629824
@AyoBogorCom,"Pekan Raya Jakarta (PRJ) kembali digelar di Arena JIEXPO Kemayoran, Jakarta Pusat, mulai 14 Juni sampai 16 Juli 2023.

Ada banyak jajanan viral yang wajib dicoba nih!",in,,,,255,2023-06-24T06:06:25.000Z,/AyoBogorCom/status/1672486313910734848
@minyourbae,"WTS Tiket PRJ hari ini
Ada 5 tiket
Jual murah 30rb aja 1 tiketnya

#wtsprj #pekanrayajakarta #prj #jakartafair",in,2,,,506,2023-06-24T04:38:38.000Z,/minyourbae/status/1672464222595465223
@inilahdotcom,"Pekan Raya Jakarta (PRJ) 2023, pesta rakyat yang selalu dinanti, kembali menghiasi kalender kegiatan ibukota. Tahun ini, PRJ yang digelar mulai 14 Juni 2023 – 16 Juli 2023 tidak hanya menjadi tempat berkumpulnya para penikmat kuliner dan hiburan, tetapi…",in,,,,249,2023-06-24T04:21:04.000Z,/inilahdotcom/status/1672459804923801600
@bobsby,Pekan raya jakarta dlm rangka hut jakarta,in,,,,44,2023-06-24T03:31:28.000Z,/bobsby/status/1672447320078831616
@CH4__15R,"Pekan Raya Jakarta ( PRJ ) merupakan pesta bagi rakyat yang mampu, oleh karena itu PRJ Menjadi lahan Gurih bagi pencopet.",in,,3,6,984,2023-06-24T03:25:44.000Z,/CH4__15R/status/1672445877859024905
@Debysndari10,"Daripada mikirin isu syahnaz dan rendy kjaernett 
mending pekan raya jakarta kuy, daftar tiket PRJ",in,,,,782,2023-06-24T03:06:34.000Z,/Debysndari10/status/1672441053721538562
@kanwilkumhamdki,"Halo Sobat Ki-Be

Lebih dekat dengan masyarakat! Mobile Intellectual Property Clinic, Jiexpo Kemayoran, 21-23 Juni 2023.

@yasonna.laoly
@eddyhiariej
@andapbudhirevianto
@kemenpanrb
@rbkunwas
@djki_indonesia
#kanwildki
#kanwilkumhamdki
#kite_bersodare
#pekanrayajakarta",in,,1,4,167,2023-06-24T03:01:26.000Z,/kanwilkumhamdki/status/1672439763553615873
@ilovmslf," OPEN JASTIP PRJ PEKAN RAYA JAKARTA -— BEAUTY & SNACKS 

Avoskin Barenbliss Wardah Salsa Herborist MSBB (My Skin But Better) Npure Madame Gie BLP (By Lizzy Para)

Any Request langsung DM yaapz

VISIT 24 JUNI",in,5,6,17,11.9K,2023-06-23T15:21:40.000Z,/ilovmslf/status/1672263659689742336
@avoskinbeauty,"Siapa nih yang belum ke Pekan Raya Jakarta?

Buruuu ke sini, nunggu apa lagi sih?
Bisa main vending machine, banyak flash sale, ada bundle produk!

Voucher? Jelas ada! Langsung minta sama MinVo aja pas di kasir. Limited ya! Yang mau daftar jastiper, go
https://wa.me/+6282326153794",in,1,1,2,988,2023-06-23T14:41:06.000Z,/avoskinbeauty/status/1672253451001274368
@CNNIDdaily,"Salah satu event yang digelar saat HUT DKI Jakarta setiap tahunnya adalah, Pekan Raya Jakarta. Bagi pedagang kuliner, Pekan Raya Jakarta memberikan berkah tersendiri bagi mereka. http://cnnindonesia.com/tv",in,,2,,520,2023-06-23T12:45:00.000Z,/CNNIDdaily/status/1672224233206972418
@Cureniawan,"PT Sekar Laut, Tbk (Finna Food) kembali hadir di perhelatan akbar tahunan Jakarta Fair Kemayoran (JFK) 2023 atau yang lebih dikenal Pekan Raya Jakarta (PRJ). 

Yuk kunjungi booth kami selama PRJ / JFK berlangsung di depan Gate Gambir Expo blok DA no. K58…",in,,,,195,2023-06-23T12:00:40.000Z,/Cureniawan/status/1672213077952196608
@smartvending_id,"Yuk kunjungi booth Smart Vending di Pekan Raya Jakarta 2023!

#pekanrayajakarta #prj2023 #smartvending #mesinvending #vendingbeverage",in,,,,320,2023-06-23T11:59:41.000Z,/smartvending_id/status/1672212828022001664
@disbuddki,"Dukungan yang diberikan dari Sudinbud Jakarta Selatan menampilkan Sanggar Kopaja. Mau lihat persembahan seni budaya lainnya dari Disbud DKI? Kunjungi Pekan Raya Jakarta mulai dari 14 Juni - 16 Juli di Kemayoran, Jakarta Pusat. 
Jangan sampai terlewat yaa~ 
#DisbudDKI
#PRJ2023",in,,,1,66,2023-06-23T10:28:50.000Z,/disbuddki/status/1672189968670953472
@disbuddki,"Dinas Kebudayaan Provinsi DKI Jakarta melalui Suku Dinas Kebudayaan Jakarta Selatan memberikan dukungan seni budaya pada perayaan Pekan Raya Jakarta tahun 2023, Kamis, 22 Juni 2023.",in,1,1,3,171,2023-06-23T10:27:41.000Z,/disbuddki/status/1672189676051103745
@BeritaJakarta,Lambat laun Pekan Raya Jakarta berubah nama menjadi Jakarta Fair atau Jakarta Fair Kemayoran.,in,1,,1,105,2023-06-23T03:33:01.000Z,/BeritaJakarta/status/1672085320928759810
@BeritaJakarta,Beberapa literatur menyebutkan bahwa ide pembentukan Pekan Raya Jakarta (PRJ) pertama kali dicetuskan oleh Haji Syamsudin Mangan,in,1,,1,91,2023-06-23T03:32:57.000Z,/BeritaJakarta/status/1672085304696799233
@alikanadh,"Yuk siapa lagi yang mau ikut jastip prj edisi weekend~
bisa request barang yang di mau lohhh
jadi cusss,langsung ajah dm ◍

Info lengkapnya,bisa cek twitt dibawah ini ya^^

#JakartaFair2023 #PekanRayaJakarta #PRJ #JakartaFair #JastipPRJ",in,,,,189,2023-06-23T03:26:35.000Z,/alikanadh/status/1672083704154570753
@kompasiana,Berkunjung ke Pekan Raya Jakarta Kemayoran Naik MRT atau LRT,in,,,,275,2023-06-23T03:01:07.000Z,/kompasiana/status/1672077295757164545
@Persija_Jkt,"Senja kemarin beberapa pemain Persija menyapa Jakmania dalam acara ""Meet & Greet Persija"" di Rumah Indofood, Pekan Raya Jakarta.

Siapa yang kemarin dapat jersey dan tanda tangan pemain ? 
#Persija #MacanKemayoran #BelieveIn12 #ToTheNextLevel",in,15,31,436,30.5K,2023-06-23T02:41:22.000Z,/Persija_Jkt/status/1672072326341591047
@GTVID_News,"Kerak telur merupakan makanan khas Betawi menjadi salah satu kuliner langganan yang dijajakan di event tahunan Pekan Raja Jakarta Kemayoran. BIB

#GTV #News #Berita #Kuliner #KerakTelur #PekanRayaJakarta",in,,,,59,2023-06-23T01:30:00.000Z,/GTVID_News/status/1672054363483934721
@yosep_far,Review-nya banyak makanan. Kirain PRJ singkatan dari Pekan Raya Jakarta ternyata Pekan Raya Jajanan ,in,1,,,"2,272",2023-06-23T00:32:10.000Z,/yosep_far/status/1672039810201178112
@detikfinance,Pekan Raya Jakarta (PRJ) atau Jakarta Fair Kemayoran kembali hadir menyemarakkan ulang tahun DKI Jakarta,in,,,,594,2023-06-22T21:47:31.000Z,/detikfinance/status/1671998375036583938
@disbuddki,"Mau lihat persembahan seni budaya lainnya dari Disbud DKI? Kunjungi Pekan Raya Jakarta mulai dari 14 Juni - 16 Juli di Kemayoran, Jakarta Pusat.

Jangan sampai terlewat yaa~

#DisbudDKI
#SudinbudBarat
#PRJ2023
#PekanRayaJakarta
#SeniBudaya",in,,,1,41,2023-06-22T12:36:51.000Z,/disbuddki/status/1671859794033143810
@disbuddki,"Dinas Kebudayaan Provinsi DKI Jakarta melalui Suku Dinas Kebudayaan Jakarta Barat memberikan dukungan kebudayaan pada perayaan Pekan Raya Jakarta tahun 2023, Rabu, 21 Juni 2023.

Dukungan yang diberikan dari Sudinbud Jakarta Barat menampilkan Band Teradahan.",in,1,1,2,95,2023-06-22T12:36:50.000Z,/disbuddki/status/1671859790505705472
@CNNIDdaily,"Bukan hanya sekedar pameran, Pekan Raya Jakarta juga menyuguhkan talkshow, yang mengajak masyarakat untuk melakukan pola hidup sehat. Talkshow kesehatan di tengah-tengah pameran ini mengajak masyarakat menjalankan pola hidup sehat.  http://cnnindonesia.com/tv",in,,,,388,2023-06-22T12:15:00.000Z,/CNNIDdaily/status/1671854295686455298
@BigWinSkuy,Pekan Raya Jakarta 2023,in,,,,21,2023-06-22T11:57:09.000Z,/BigWinSkuy/status/1671849804446703623
@mediaindonesia,"Pekan Raya Jakarta (PRJ) akan tetap buka melayani pengunjung selama masa libur Idul Adha, Berikut jam operasional PRJ selama Idul Adha",in,,,,511,2023-06-22T11:55:04.000Z,/mediaindonesia/status/1671849279399538688
@Ramable__,"Pekan Raya Jakarta adalah acara tahunan yang diselenggarakan untuk memeriahkan acara Ulang Tahun Kota Jakarta
 https://youtu.be/jAablRblTBo",in,,,,33,2023-06-22T10:56:41.000Z,/Ramable__/status/1671834587650232320
@pinterpolitik,"Provinsi DKI Jakarta hari ini pada 22 Juni 2023 merayakan hari ulang tahunnya yang ke-496. Biasanya, sejumlah promo dan acara seperti Pekan Raya Jakarta – atau Jakarta Fair – digelar setiap tahunnya.",in,1,,,91,2023-06-22T10:24:55.000Z,/pinterpolitik/status/1671826591234818048
@pinterpolitik,"Kemarin Pak Jokowi yang ulang tahun, kalau hari ini Ibukota kita merayakan ulang tahun nya yang ke-496  
#jakarta #dkijakarta #hutjakarta #pekanrayajakarta #jakartafair #infografis #pinterpolitik #beritapolitik #politik #politikindonesia",in,1,,2,343,2023-06-22T10:22:44.000Z,/pinterpolitik/status/1671826045572616197
@Susanna63915614,Coke Studio Pekan Raya Jakarta,in,,,,16,2023-06-22T10:19:34.000Z,/Susanna63915614/status/1671825246549159945
@KompasData,"Foto berikut adalah Pintu gerbang Pekan Raya Jakarta ke 19 (Jakarta Fair) di kawasan Monas yang diambil oleh pewarta foto Kompas Hasanuddin Assegaff pada 1987. 

#ArsipKompas #HUTDKIJakarta #hutjakarta #HUTJakarta496 #Jakarta #Jakarta496 #AdadiKompas #Kompas58",in,,3,3,385,2023-06-22T04:38:04.000Z,/KompasData/status/1671739307244281856
@BPOM_RI,"Buat #SahabatBPOM yang ada di Jakarta, yuk, kita rayakan bersama-sama

Selamat Ulang Tahun Kota Jakarta!

#BPOMRI
#HUTJAKARTA496
#PekanRayaJakarta
#HALOBPOM1500533",in,,1,1,336,2023-06-22T04:14:03.000Z,/BPOM_RI/status/1671733262086184960
@BPOM_RI,"#Sahabat BPOM, hari ini adalah hari ulang tahun ke–496 Kota Jakarta.

Beberapa acara diselenggarakan untuk merayakan momen ulang tahun Kota Jakarta, seperti Pekan Raya Jakarta (PRJ) , Upacara Ziarah di Taman Makam Pahlawan, dan masih banyak kegiatan lainnya.",in,1,2,2,592,2023-06-22T04:14:03.000Z,/BPOM_RI/status/1671733259598954498
@EpsonIndonesia,"Selamat Hari Jadi Jakarta yang ke-496. Semakin maju, semakin berbudaya.

Jangan lupa ramaikan #hutdkijakarta dengan mengunjungi Pekan Raya Jakarta, sempatkan untuk mampir ke booth Epson di Hall D ya. 

#Jakarta496",in,,1,,285,2023-06-22T03:57:04.000Z,/EpsonIndonesia/status/1671728989461962752
@NGIndonesia,"Pada momen ulang tahun Jakarta seperti sekarang ini, kerak telor banyak dijajakan di Pekan Raya Jakarta. Kuliner Khas Betawi yang berempah dan memiliki cita rasa gurih ini memang penuh dengan cerita sejarah.

Apakah Anda pernah mencobanya?",in,2,3,13,"4,255",2023-06-22T03:19:58.000Z,/NGIndonesia/status/1671719653045858307
@combipharID,"Apa yang Healthy People ingat soal ulang tahun Kota Jakarta? Pekan Raya Jakarta, Ondel-ondel? 

Ulang tahun Kota Jakarta tanggal 22 Juni ini sebenarnya bisa lho kamu rayakan dengan cara yang berbeda.",in,1,3,19,420,2023-06-22T01:04:19.000Z,/combipharID/status/1671685513810702336
@detikcom,"Di Pekan Raya Jakarta tahun ini, pilihan makanan dan minumannya lebih unik dan beragam. Bisa jajan minuman Pop Ice hingga makan ramen di Warmindo!",in,,2,42,"5,619",2023-06-21T05:18:00.000Z,/detikcom/status/1671386966129246210
@cinokioid,"halo guys!

WTS rencananya hari ini mau ke prj dan jastip barang barang sale di pekan raya jakarta fair kemayoran

• fee start 3k tergantung nominal barang

ada yang minat gak ya?

available
DEPOK",in,,1,,736,2023-06-21T04:46:44.000Z,/cinokioid/status/1671379100601122818
@PasarJaya_JKT,"Yok yang lagi main ke Pekan Raya Jakarta, jangan lupa kunjungin Booth Pasar Jaya di C1 Anjungan Pemprov DKI Jakarta, jangan sampai lupa yaa! Catet tanggalnya 14 Juni - 16 Juli 2023!",in,,,1,91,2023-06-21T04:40:51.000Z,/PasarJaya_JKT/status/1671377619412213766
@nuna_namtae,"WTS WTS ticket Jakarta Fair Kemayoran ( PRJ ) tgl 10 juli 2023.
Ticket masuk+konser reguler no admin dll (4ticket) line up : Juicy Luicy , Dmasiv , Semenjana. 
Dijual karena mau ganti tgl kedatangan.
#BU #PRJ #pekanrayajakarta #jiexpo #butuhuang #juicyluicy #dmasiv #Semenjana",in,1,,,386,2023-06-21T04:12:18.000Z,/nuna_namtae/status/1671370433386643456
@magumelon,pekan raya jakarta?,in,1,,,29,2023-06-21T03:53:16.000Z,/magumelon/status/1671365645366345729
@BantenKicau,Batik Kabupaten Serang Dipromosikan di Pekan Raya Jakarta  http://dlvr.it/Sr003c,in,,,,36,2023-06-21T03:19:33.000Z,/BantenKicau/status/1671357159303696384
@RRIBanten,#Rabu #BantenPagiIni Batik dan Produk UMKM Kabupaten Serang Dipamerkan di Pekan Raya Jakarta,in,,,,35,2023-06-21T01:28:16.000Z,/RRIBanten/status/1671329153168318466
@officialntv_,"Mau Jualan Kerak Telor di PRJ Harus Bayar Rp 17 Juta, Ini Kata JIExpo..

https://nusantaratv.com/news/mau-jualan-kerak-telor-di-prj-harus-bayar-rp-17-juta-ini-kata-jiexpo…
#NewsUpdate #keraktelor #pekanrayajakarta #jualan #jiexpokemayoran #jakarta #hutjakarta",in,,,,89,2023-06-21T00:27:34.000Z,/officialntv_/status/1671313877303455748
@alikanadh,"Yang mau jastip barang2 PRJ,bisa dm aku ya~
cek twitt dibawah ini 
#JakartaFair2023 #PekanRayaJakarta #JakartaFair #jastipPRJ",in,1,,,222,2023-06-20T09:39:51.000Z,/alikanadh/status/1671090476554809344
@disbuddki,"Mau lihat persembahan seni budaya lainnya dari Disbud DKI? Kunjungi Pekan Raya Jakarta mulai dari 14 Juni - 16 Juli di Kemayoran, Jakarta Pusat. 

Jangan sampai terlewat yaa~ 

#DisbudDKI #SudinbudPusat #SudinbudKepulauanSeribu #PRJ2023 #PekanRayaJakarta #SeniBudaya",in,,,1,48,2023-06-20T09:23:31.000Z,/disbuddki/status/1671086364098711552
@disbuddki,"Dinas Kebudayaan Provinsi DKI Jakarta melalui Suku Dinas Kebudayaan Jakarta utara memberikan dukungan kebudayaan pada perayaan Pekan Raya Jakarta tahun 2023, Senin, 19 Juni 2023.

Dukungan yang diberikan dari Sudinbud Jakarta Utara menampilkan grup Keroncong Cafrinho.",in,1,,1,95,2023-06-20T09:21:39.000Z,/disbuddki/status/1671085894823202816
@jpnncom,Berburu Promo Mobil Bekas di Pekan Raya Jakarta 2023 #mobilbekas,in,,,1,66,2023-06-20T09:18:03.000Z,/jpnncom/status/1671084988417335297
@patihgajahmodo,"Ketua DPR RI Puan Maharani mengunjugi Pekan Raya Jakarta (PRJ) atau Jakarta Fair 2023 yang saat ini sedang berlangsung. Ia menilai event tahunan DKI Jakarta tersebut telah menjadi roda penggerak perekonomian di Ibu Kota. 

#JakartaFair
#PRJ
#PimpinanDPR
Garnacho",in,1,20,18,61,2023-06-20T06:14:02.000Z,/patihgajahmodo/status/1671038680209965057
@narraofficial_,"Hallo narrative

Sampai ketemu ya
#narra #narrative #diam #kisah #music #musik #musisi #jakarta #jakartafair #prj #pekanrayajakarta #indonesia",in,,,1,117,2023-06-20T05:54:38.000Z,/narraofficial_/status/1671033798191104001
@alikanadh,"[Jastip PRJ]

Halooo~
Buat yang mau ikut flash sale weekend 50% produk barenbliss bnb (all item) bisa dm aku ya^^
karena flash sale 50% cuma ada di weekend,jadi yang mau jastip bisa di list yuk dari sekarang.

#JakartaFair2023 #PekanRayaJakarta #JastipPRJ #JFK",in,,1,1,546,2023-06-19T18:23:31.000Z,/alikanadh/status/1670859873339453441
@detikfinance,Jakarta Fair atau Pekan Raya Jakarta sudah dibuka oleh Presiden Joko Widodo.,in,,,,547,2023-06-19T17:36:53.000Z,/detikfinance/status/1670848135864647687
@faudzanmhmd,Pekan Raya Jakarta ,in,,,,294,2023-06-19T16:54:52.000Z,/faudzanmhmd/status/1670837564956360708
@maulucklana,Jadi pengen ke pekan raya jakarta,in,,,,22,2023-06-19T15:14:10.000Z,/maulucklana/status/1670812222204047360
@byu_id,Siapa yang sampe hari ini udah ke #PekanRayaJakarta ? ,in,6,,2,"3,154",2023-06-19T14:36:12.000Z,/byu_id/status/1670802665075351552
@CNNIDdaily,"Bukan hanya sekedar pameran, Pekan Raya Jakarta juga menyuguhkan acara bincang-bincang atau Talkshow, yang bisa menginspirasi kaum muda dalam berkarya. http://cnnindonesia.com/tv",in,,,1,692,2023-06-19T13:45:00.000Z,/CNNIDdaily/status/1670789781247389696
@ngopibareng_id,Ketua DPR RI Puan Maharani mengunjungi Pekan Raya Jakarta (PRJ) yang berlangsung di Jakarta Internasional Expo (JIEXPO),in,,,1,58,2023-06-19T13:04:04.000Z,/ngopibareng_id/status/1670779480967901190
@IDNTimes,"Begini Caranya Beli Tiket Pekan Raya Jakarta 2023, Anti Gagal",in,,,,144,2023-06-19T11:47:33.000Z,/IDNTimes/status/1670760225304121344
@alikanadh,"Hallo
Aku udah di PRJ ya..
kalo ada yang mau nitip barang2 PRJ,boleh banget dm aku ^^
aku stay sampe jam 9 malem ya 
#JakartaFair2023 #PekanRayaJakarta #JastipPRJ",in,3,,,466,2023-06-19T11:11:06.000Z,/alikanadh/status/1670751051862126595
@Beritasatu,Puan Maharani: Pekan Raya Jakarta Jadi Roda Penggerak Ekonomi,in,,,3,620,2023-06-19T11:00:18.000Z,/Beritasatu/status/1670748333500157952
@IvanDarul,"dalam kondisi ini, Kasad Dudung AR menyempatkan diri untuk menghadiri salah satu pertandingan olahraga yang diadakan dalam rangka Pekan Raya Jakarta.

@Ngopibareng_DAR

Kasad Dudung Abdurachman
Tulus Mengabdi Untuk Rakyat",in,,,,199,2023-06-19T10:51:00.000Z,/IvanDarul/status/1670745992558198784
@fansjenddudung,"KASAD Hadiri Pembukaan Pekan Raya Jakarta Tahun 2023

#FYP #foryoupage #prj #tniad #kasaddudung #jenderaldudung #tniad #Jokowi #foryou #jakarta #pekanrayajakarta #dudungabdurachman",in,,,,201,2023-06-19T10:22:10.000Z,/fansjenddudung/status/1670738737767260161
@PadilaReti,"merupakan fakta, Kasad Dudung AR menyempatkan diri untuk mencicipi makanan khas dari berbagai daerah yang dijajakan di area kuliner Pekan Raya Jakarta.

@Ngopibareng_DAR

Kasad Dudung Abdurachman
Tulus Mengabdi Untuk Rakyat",in,,,,114,2023-06-19T10:17:00.000Z,/PadilaReti/status/1670737436111159296
@ahmadhiiii,"memang benar, Kasad Dudung AR tiba dengan penuh semangat di Jakarta International Expo (JiExpo) Kemayoran untuk menghadiri pembukaan Pekan Raya Jakarta Tahun 2023.

@Ngopibareng_DAR

Kasad Dudung Abdurachman
Tulus Mengabdi Untuk Rakyat",in,,,,82,2023-06-19T10:01:00.000Z,/ahmadhiiii/status/1670733410027859969
@PDI_Perjuangan,"Kunjungi JIEXPO Kemayoran, Puan Maharani Sebut PRJ Event Penggerak Perekonomian

Ketua DPR RI Puan Maharani mengunjugi Pekan Raya Jakarta (PRJ) atau Jakarta Fair 2023 yang saat ini sedang berlangsung. Ia menilai event tahunan DKI Jakarta tersebut telah menjadi roda penggerak… Show more",in,2,7,20,"1,322",2023-06-19T09:59:27.000Z,/PDI_Perjuangan/status/1670733021123842050
@sajiansedap,"Buat yang belum ke PRJ, biar enggak antre panjang, begini cara beli tiket PRJ secara online, bisa dapat banyak kupon gratisan juga, lo! Langsung klik aja link-nya di sini, ya! 

#PRJ #tiketprj #pekanrayajakarta #gridfame",in,,,,346,2023-06-19T09:36:19.000Z,/sajiansedap/status/1670727199161479168
@kngdomi,"WhatsApp to Orionrion

¹ lop lop dah 
¹ LAH EMANG NYEBUTNYA PRJ ANJEEERR.
¹ PRJ is Pekan Raya Jakarta

Sent.",in,1,,,65,2023-06-19T09:35:05.000Z,/kngdomi/status/1670726889739264001
@radioLSPR,"Lihat keseruan Pekan Raya Jakarta (PRJ) di sosial media kok kayanya seru ya, londoners? Banyak diskon-diskon dan makanan enak. Tapi, disana ada apa aja sih? Cus cari tau di #JAKARTAJAKARTA lewat",in,,,,228,2023-06-19T08:34:56.000Z,/radioLSPR/status/1670711752802308099
@fafififufefo,"Wts tiket prj 20 Juni 2023 include konser presale. Jual rugi 130k, gk jadi nonton soalnya ada keperluan lain #prj #pekanrayajakarta #jakartafair2023",in,3,,,441,2023-06-19T08:22:43.000Z,/fafififufefo/status/1670708676393586688
@shinylula1,"wts 2 tiket prj
No konser buat hari ini 
Pliz pliz plizzzzzz 
#wts #prj #PekanRayaJakarta",in,7,,,"1,036",2023-06-19T07:52:32.000Z,/shinylula1/status/1670701082346139649
@banhubdadiy,"Halo Sahabat Banhubda

Jakarta Fair Kemayoran atau Pekan Raya Jakarta kembali digelar tanggal 14 Juni-16 Juli 2023 di JI-Expo, Kemayoran, Jakarta.

Jangan lupa mampir ke Stand Yogyakarta di Hall C2. Ada berbagai macam produk UMKM unggulan dari Yogyakarta lhoo ",in,,,2,106,2023-06-19T07:38:36.000Z,/banhubdadiy/status/1670697575786377217
@ssylmjd,"wts 2 tiket prj tanpa konser hari ini 19 juni. dijual underprice

#wts #prj #PekanRayaJakarta",in,4,,,926,2023-06-19T07:31:58.000Z,/ssylmjd/status/1670695905702588416
@My_HydroCoco,"Gak jaman lagi jawab “terserah”

Yuk, ajak si ayang ngedate ke Jakarta Fair Kemayoran 2023 dan mampir ke booth Hydro Coco. Bisa main game dan dapetin promo khususnya.

Serunya no play play, dijamin having your day!

#JakartaFair2023 #PekanRayaJakarta #PRJ2023",in,1,,4,476,2023-06-19T06:31:41.000Z,/My_HydroCoco/status/1670680733059518465
@alikanadh,"Cusss yukk,yang mau jastip prj hari ini,bisa langsung dm aku ya^^

#JakartaFair2023 #Jiexpokemayoran #PekanRayaJakarta #Jastip #PRJ",in,,,,122,2023-06-19T05:17:28.000Z,/alikanadh/status/1670662058596241408
@lavxnders_blue,"WTS 1 tiket prj tanggal 3 Juli 2023 presale normal 
#prj #pekanrayajakarta #jakartafair2023",in,2,1,,486,2023-06-19T05:14:21.000Z,/lavxnders_blue/status/1670661274064277505
@IDNTimes,"Ini Harga Tiket Masuk Pekan Raya Jakarta 2023, Lansia dan Anak Gratis!",in,,,,129,2023-06-19T05:09:35.000Z,/IDNTimes/status/1670660075403501569
@Seal_D_Deal,"Pekan raya jakarta, suka banyak copet .. Suka ad yg silet2 tas di dalem wkwkw",in,1,,1,62,2023-06-19T04:16:04.000Z,/Seal_D_Deal/status/1670646604779655173
@CNNIDdaily,"Pekan Raya Jakarta ke-54 secara resmi telah dibuka pada Rabu lalu, di JIExpo Kemayoran Jakarta. Seperti biasa di setiap gelaran Pekan Raya Jakarta Anda bisa berburu berbagai macam kuliner khas betawi. http://cnnindonesia.com/tv",in,,,,441,2023-06-19T03:50:25.000Z,/CNNIDdaily/status/1670640150064529409
@alikanadh,"Hollaaaa~
bagi yang nyari jastip prj,aku hari ini bakalan kesana lagi ya~
kalo mau tanya2 produk atau mau jastip barang2 di prj,boleee banget dm aku^^

Info selengkapnya bisa cek twitt dibawah ini ya 
#JakartaFair2023 #PekanRayaJakarta #jastipprj #prj",in,,,,106,2023-06-19T02:07:47.000Z,/alikanadh/status/1670614321964130307
@lavxnders_blue,"WTS 1 tiket prj tanggal 3 Juli 2023 include konser (VIP) presale normal 
#prj #pekanrayajakarta #jakartafair2023",in,3,,,538,2023-06-19T00:34:29.000Z,/lavxnders_blue/status/1670590840891387904
@detikfinance,Pekan Raya Jakarta (PRJ) merupakan salah satu event tahunan yang banyak ditunggu-tunggu oleh masyarakat.,in,,,,572,2023-06-18T17:17:33.000Z,/detikfinance/status/1670480886217728002
@Ansmvhjr,"Ada yg mau di open wts ticket tgl 15 juli 2023 #Pekanrayajakarta #JakartaFair2023 ? Guestnya NDX. AKA, Mr. Jono Joni",in,2,,,314,2023-06-18T12:44:40.000Z,/Ansmvhjr/status/1670412209162420224
@kompascom,Penumpang bus Transjakarta ke Pekan Raya Jakarta (PRJ) atau Jakarta Fair 2023 di Halte Balaikota harus menunggu hingga satu jam karena busnya lama,in,1,4,3,"6,116",2023-06-18T11:46:03.000Z,/kompascom/status/1670397458629918720
@nadeonken,"Rencana kami

1. Tampil di panggung Pekan Raya Jakarta (PRJ)

Manggung di PRJ adalah impian yang menyala-nyala bagi setiap musisi. Setiap tahun, PRJ menarik ribuan pengunjung yang bersemangat dan beragam.",in,1,,,27,2023-06-18T11:13:43.000Z,/nadeonken/status/1670389323009785856
@arifersaf,"Prj = pekan raya jakarta, di kemayoran tiap tahun",in,1,,,59,2023-06-18T10:28:51.000Z,/arifersaf/status/1670378030945157120
@sedulurcilok,"WTS 2 Tiket Masuk + Konser VIP Rabu, 21 Juni 2023, 325 rb ajh. Minat dm ya temen temen 

#pekanrayajakarta",in,,1,,257,2023-06-18T09:39:32.000Z,/sedulurcilok/status/1670365621002080256
@fluffybooooooo,PRJ (pekan raya jakarta) kyk ultah jkt gt jd pameran sebulan penuh dan banyak disc produk2 gt kl kesana makanya rame bgttt,in,1,,,137,2023-06-18T09:00:06.000Z,/fluffybooooooo/status/1670355696024694786
@majalahjakita,"Hai #KawanJaKita, sudah tahu belum? Dalam rangka menyambut HUT ke-496 Kota Jakarta, Pekan Raya Jakarta (PRJ) atau Jakarta Fair 2023 telah dibuka di Jakarta International Expo (JIExpo) Kemayoran, Jakarta Pusat!",in,1,1,,867,2023-06-18T06:16:55.000Z,/majalahjakita/status/1670314629179019266
@titargaryen,"jastip prj 2023

::jasa titip pekan raya jakarta::",in,,,,949,2023-06-18T05:30:44.000Z,/titargaryen/status/1670303006355750912
@lulunayah,Open Jastip Skincare Product Jakarta Fair / Pekan Raya Jakarta,in,1,,,672,2023-06-18T05:25:31.000Z,/lulunayah/status/1670301696030044160
@disbuddki,"Pada perayaan Pekan Raya Jakarta tahun 2023, Dinas Kebudayaan Provinsi DKI Jakarta melalui Suku Dinas Kebudayaan Jakarta Pusat dan Suku Dinas Kebudayaan Kepulauan Seribu memberikan dukungan pada Sabtu, 17 Juni 2023.

#DisbudDKI
#SudinbudPusat
#SudinbudKepulauanSeribu
#PRJ2023",in,1,,2,142,2023-06-18T05:11:38.000Z,/disbuddki/status/1670298200086032386
@JatengPos,LG OLED evo C3 Debut di Pekan Raya Jakarta https://jatengpos.co.id/lg-oled-evo-c3-debut-di-pekan-raya-jakarta/arif/…,in,,,,26,2023-06-18T04:57:17.000Z,/JatengPos/status/1670294591600459776
@alikanadh,"Yang mau jastip cokro bluder di prj,bisa dm aku ya^^
Aku open jastip prj (makanan,skincare,makeup,fashion,dll)

#JakartaFair2023 #JakartaExpo #PekanRayaJakarta #jastipprj",in,1,2,2,"1,821",2023-06-18T02:23:08.000Z,/alikanadh/status/1670255798654734336
@nathacalista,Pekan Raya Jakarta,in,,,,492,2023-06-17T23:56:40.000Z,/nathacalista/status/1670218938452688896
@1945_And,"Btw fellow Jakartans, Pekan Raya Jakarta kapan ya? denger2 kayak pasar malam ya?",in,2,,,131,2023-06-17T16:58:21.000Z,/1945_And/status/1670113665033605122
@thierriskusuma,"Maap ketunda nonton SF Indonesia Open hehe

Yak jadi Pekan Raya Jakarta (PRJ) atau Jakarta Fair itu acara tahunan di JiExpo Kemayoran... Lengkapnya cari tau ndiri deh ya

Gw beli tiket reguler tanpa konser 50rb/orang, bisa di tempat atau online. Online biar ga ngantri sih",in,1,,,"1,502",2023-06-17T16:52:46.000Z,/thierriskusuma/status/1670112259165519873
@alikanadh,"Buat yang mau jastip barang2 PRJ,bisa dm aku ya^^ 
Skincare,makeup,makanan,fashion dll #JakartaFair2023 #PRJ #PekanRayaJakarta #jastipprj",in,,,,314,2023-06-17T16:42:34.000Z,/alikanadh/status/1670109692050444290
@inaaasHA,"Pekan Raya Jakarta di Kemayoran kak, biasa nya event menjelang ultah jakarta",in,1,,,584,2023-06-17T16:17:54.000Z,/inaaasHA/status/1670103483603890178
@cifvyu,What I bought in Pekan Raya Jakarta (PRJ). Edisi disponsori oleh nyokap ,in,1,2,1,"1,085",2023-06-17T15:21:33.000Z,/cifvyu/status/1670089305564545025
@ahmdaslamm,Pekan raya jakarta,in,,,,57,2023-06-17T14:29:44.000Z,/ahmdaslamm/status/1670076265020153864
@oohliv,fun day at pekan raya jakarta!,in,1,,3,498,2023-06-17T14:25:19.000Z,/oohliv/status/1670075152980377601
@Aldikita,pekan raya jakarta,in,,,,"1,028",2023-06-17T13:54:49.000Z,/Aldikita/status/1670067476221292545
@filiaguzel,"Duh baek baek tong ntar nyangkut di pager .

Pekan Raya Jakarta, 
Kemayoran, 
Sabtu malam 17/6

Source @ jessicaamazy

repost : lensa berita jakarta",in,,1,1,365,2023-06-17T13:39:52.000Z,/filiaguzel/status/1670063716480712704
@WvOuthoorn,Pekan Raya Jakarta let's goo!!!,in,,,,43,2023-06-17T12:56:46.000Z,/WvOuthoorn/status/1670052868819415040
@ruangtunggu,Transjakarta Menuju Pekan Raya Jakarta (PRJ) dan Jakarta Fair Kemayoran 2023,in,,,,168,2023-06-17T11:40:03.000Z,/ruangtunggu/status/1670033562404536321
@PungPurwanto,"Menyambut PRJ. Cukup dengan kerak telor Bang Udin, Situ Pondok Jagung. Asli enak murah dan juara rasanya #keraktelor #pekanrayajakarta #betawi @JakartaFairID #jakartafair2023",in,,,2,285,2023-06-17T11:29:39.000Z,/PungPurwanto/status/1670030943518851072
@alikanadh,"Yang mau jastip prj,aku stay sampe jam 9 malem ya #zonauang #pekanrayajakarta #JakartaFair2023 #jastipprj",in,1,1,,"1,217",2023-06-17T11:29:17.000Z,/alikanadh/status/1670030850854117379
@urrfriennd,Pekan raya Jakarta tapi kalo di shopii ini ke—1 produknya,in,,1,4,72,2023-06-17T10:09:00.000Z,/urrfriennd/status/1670010647772545025
@cung_alberto,Pekan Raya Jakarta..,in,,,2,76,2023-06-17T09:20:22.000Z,/cung_alberto/status/1669998410215329793
@miafitri37,"Tak mereka nak pergi PRJ (pekan Raya Jakarta) untuk jadi badut shuttlecock 
Dari tahun kemarin mereka selalu janjian untuk kalah bersama2",in,1,1,,256,2023-06-17T09:09:36.000Z,/miafitri37/status/1669995698539089921
@lifturlifee,"WTS tiket prj hari ini, no konser 40k only, beli karena salah tanggal
wts wtb prj pekan raya jakarta jiexpo kemayoran

#zonauangᅠᅠ
#prj
#pekanrayajakarta",in,3,,,740,2023-06-17T08:51:13.000Z,/lifturlifee/status/1669991074230849536
@dianhadi,"pekan raya jakarta, tapi acaranya ga cuma 1 pekan",in,,,,98,2023-06-17T08:39:50.000Z,/dianhadi/status/1669988210527834112
@rotisemangka,"sore min @mrtjakarta mau nanya, kalo mau ke PRJ/Pekan Raya Jakarta dari stasiun dukuh atas. turun dimana ya? Thx",in,1,,,532,2023-06-17T08:02:13.000Z,/rotisemangka/status/1669978741622325248
@CommuterLine,"Dari data yang kami dapat, stasiun terdekat dari Pekan Raya Jakarta, Jakarta International Expo adalah Stasiun Rajawali (2km dari lokasi tersebut). Silakan menggunakan Commuterline Pondok Cina-Manggarai. Transit dan berganti kereta Manggarai-Jatinegara. |1",in,,,,271,2023-06-17T07:59:27.000Z,/CommuterLine/status/1669978043945979904
@rotisemangka,ke jakarta fair / pekan raya jakarta,in,2,,,448,2023-06-17T07:55:22.000Z,/rotisemangka/status/1669977016265850881
@GenMediaNetwork,Matahari hadir dalam Pekan Raya Jakarta (PRJ) 2023 sebagai salah satu komitmen untuk terus terlibat dengan perayaan akbar tersebut.,in,,,,57,2023-06-17T07:24:10.000Z,/GenMediaNetwork/status/1669969166286348288
@gemaposID,"Bingung Akhir Pekan Kemana? Jakarta Fair Aja, Berikut  Harga Tiket Masuk Jakarta Fair 2023  https://gemapos.id/14228/bingung-akhir-pekan-kemana-jakarta-fair-aja-berikut-harga-tiket-masuk-jakarta-fair-2023… #JiexpoKemayoran #PekanRayaJakarta #PRJ #HUTDKIJakarta",in,,,,369,2023-06-17T07:06:54.000Z,/gemaposID/status/1669964822207946753
@MurtadhaOne,"Presiden Jokowi di Pekan Raya Jakarta (PRJ)

Ini baru people power",in,10,51,255,"7,663",2023-06-17T06:48:09.000Z,/MurtadhaOne/status/1669960101346832384
@wifimurahmalang,"Hi guys kira kira adakah yg berminat jastip barang ke aku? Rencananya aku mau ke pekan raya jakarta. kalo ada yg mau boleh dm yaa

#PRJ #pekanrayajakarta #prj2023 #pekanrayajakarta2023",in,,,,256,2023-06-17T06:44:48.000Z,/wifimurahmalang/status/1669959259327725568
@plisdeh_boos,"[HELP RT]

Aku sama @horanghaeryane Open Jastip Jakarta Fair 2023. Buat temen² yang dari luar jakarta boleh jastip di kita yaaa.
Info lebih lanjut bisa cek pict atau DM kita ^^
Yuk, diskonnya gede²'an bgt loh ><
#jakartafair #jakartafair2023 #pekanrayajakarta #jastip #jastipprj",in,1,1,,930,2023-06-17T05:13:33.000Z,/plisdeh_boos/status/1669936297060999168
@Bamus_betawi,Duka Menganga Dibalik Megahnya Pekan Raya Jakarta,in,,,,31,2023-06-17T04:57:30.000Z,/Bamus_betawi/status/1669932255517736962
@Bamus_betawi,Duka Menganga Dibalik Megahnya Pekan Raya Jakarta 2023,in,,,,24,2023-06-17T04:56:58.000Z,/Bamus_betawi/status/1669932124215074817
@Bamus_betawi,Duka Menganga Dibalik Megahnya Pekan Raya Jakarta,in,,,,23,2023-06-17T04:55:22.000Z,/Bamus_betawi/status/1669931719137587200
@alikanadh,"Hallo~
aku udah di PRJ jakarta fair nih .. kalo ada yang mau jastip barang2 di PRJ seperti makeup,skincare,makanan atau lainnya,boleh banget dm aku ya^^

#JakartaFair2023 #PRJ #Pekanrayajakarta #zonauang",in,,,,802,2023-06-17T04:33:30.000Z,/alikanadh/status/1669926217817133056
@dishubjakarta,"Siapa yang mau ke Jakarta Fair/ Pekan Raya Jakarta???! 

Bagi #TemanDishub yang ingin pergi ke Jakarta Fair, kamu dapat menggunakan layanan Transjakarta ini agar lebih mudah dan nyaman!

Simak pilihan rutenya di sini, ya!",in,1,1,3,533,2023-06-17T03:11:49.000Z,/dishubjakarta/status/1669905660438515713
@PDI_Perjuangan,"Presiden Jokowi Resmi Buka Jakarta Fair 2023

Presiden Joko Widodo secara resmi membuka pameran Pekan Raya Jakarta (PRJ) atau Jakarta Fair 2023 di Jakarta International Expo (JIExpo) Kemayoran. Presiden menyampaikan bahwa ajang pameran yang digelar bertepatan dengan ulang tahun… Show more",in,,1,9,626,2023-06-17T03:05:20.000Z,/PDI_Perjuangan/status/1669904029642792960
@alikanadh,"Hallo~
aku hari ini mau ke PRJ jakarta fair nih .. kalo ada yang mau jastip barang2 di PRJ seperti makeup,skincare,makanan atau lainnya,boleh banget dm aku ya^^

#JakartaFair2023 #PRJ #Pekanrayajakarta #zonauang",in,2,,,772,2023-06-16T23:48:53.000Z,/alikanadh/status/1669854590307807232
@kimiafarmaind,"Hi Sahabat Batugin, Yuk, hadiri Booth Batugin Kimia Farma di Pekan Raya Jakarta Kemayoran, tepatnya di Selasar Hall D2 no SLD 09, pada hari Sabtu tanggal 17 Juni 2023, karena akan dihadiri oleh Ratu Aulia pukul 16.00 WIB - selesai.",in,2,5,18,"1,247",2023-06-16T12:52:07.000Z,/kimiafarmaind/status/1669689308985585664
@kompascom,Pesta Mobil Bekas yang digagas oleh mobbi turut memeriahkan Jakarta Fair 2023 alias Pekan Raya Jakarta (PRJ) 2023 di JIExpo Kemayoran.,in,,,2,"4,204",2023-06-16T10:44:15.000Z,/kompascom/status/1669657133401673729
@KemensetnegRI,"1. Presiden Joko Widodo secara resmi membuka pameran Pekan Raya Jakarta (PRJ) atau Jakarta Fair 2023 di Jakarta International Expo (JIExpo) Kemayoran, Jakarta, pada Rabu, 14 Juni 2023.",in,2,4,38,"2,507",2023-06-16T10:40:53.000Z,/KemensetnegRI/status/1669656282775818240
@wifimurahmalang,"Hi guys kira kira adakah yg berminat jastip barang ke aku? Rencananya aku mau ke pekan raya jakarta. kalo ada yg mau boleh dm yaa

#PRJ #pekanrayajakarta #prj2023 #pekanrayajakarta2023",in,,,,301,2023-06-16T10:24:28.000Z,/wifimurahmalang/status/1669652154783764480
@Beritaaaaaa,"PEKAN RAYA JAKARTA, MENURUT PRESIDEN JOKOWI
@jokowi",in,,,,26,2023-06-16T10:14:22.000Z,/Beritaaaaaa/status/1669649612985221120
@IMFIClub,"DAPATKAN SEGERA TUMBLERNYA! 

Kawasaki hadir memeriahkan Pekan Raya Jakarta 2023 dengan hadiah menarik setiap pengajuan pembiayaan (SPK) bersama IMFI. 

Penawaran ini hanya berlakuk selama PRJ berlangsung, ya! Ayo segera ramaikan PRJ & jangan lupa untuk ajukan pembiayaanmu di… Show more",in,,,,105,2023-06-16T09:54:38.000Z,/IMFIClub/status/1669644644811182082
@Dim0708Pwr,"Kepala Staf Angkatan Darat (Kasad) Jenderal TNI Dr. Dudung Abdurachman menghadiri Pembukaan Pekan Raya Jakarta (PRJ) atau biasa disebut dengan Jakarta Fair Kemayoran (JFK) tahun 2023. Pembukaan PRJ ini secara resmi dilakukan Presiden RI Ir. Joko Widodo, di Jakarta.",in,,,1,132,2023-06-16T09:47:07.000Z,/Dim0708Pwr/status/1669642751670124544
@ruangtunggu,Transjakarta Menuju Pekan Raya Jakarta (PRJ) dan Jakarta Fair Kemayoran 2023 https://mitraloker.com/transjakarta-menuju-prj/… #nunung #tolol,in,,,,"1,397",2023-06-16T06:02:17.000Z,/ruangtunggu/status/1669586170991489024
@mymilk_id,"Ultra Milk hadir dalam event Pekan Raya Jakarta 2023 dari 14 Juni s.d. 16 Juli 2023 nih!

Tunggu apalagi? Ultra People, bisa dapetin banyak hadiah menarik dan tentunya promo yang cuma berlangsung di PRJ ini, lho. See you, Ultra People!",in,2,,7,751,2023-06-16T05:11:29.000Z,/mymilk_id/status/1669573386396372992
@YakultIndonesia,"Pssttt.. ada  yang udah kenal maskot Yakult belum? Kira-kira namanya siapa ya? Buat yang penasaran nama dan sosok uculnya, yuk datang ke booth Yakult di Jakarta Fair Kemayoran! 
#YakultIndonesia #JakartaFair2023 #JakartaFairKemayoran #PekanRayaJakarta #PRJ",in,4,7,35,"1,245",2023-06-16T04:00:00.000Z,/YakultIndonesia/status/1669555399744458754
@GebangRamil,"Kepala Staf Angkatan Darat Jenderal TNI Dr. Dudung Abdurachman menghadiri Pembukaan Pekan Raya Jakarta (PRJ) atau biasa disebut dengan Jakarta Fair Kemayoran (JFK) tahun 2023. Pembukaan PRJ ini secara resmi dilakukan Presiden RI Ir. Joko W, di Jakarta International Expo",in,,,,159,2023-06-16T03:13:44.000Z,/GebangRamil/status/1669543756398489600
@hendrasumm,"Hadiri Pembukaan Pekan Raya Jakarta Tahun 2023 oleh Kasad

@NgopiBareng_DAR

Kasad Dudung Abdurachman
Tulus Mengabdi Untuk Rakyat",in,,,,80,2023-06-16T01:27:14.000Z,/hendrasumm/status/1669516954976260096
@BPOMJakarta,"BBPOM di Jakarta Hadir di Pekan Raya Jakarta (PRJ)

Haii #sobatBPOM,  jangan lupa mampir ke stan BBPOM Jakarta di Anjungan Pemprov DKI Jakarta Hall C1 mulai dari 14 Juni - 16 Juli 2023.

Don't miss it ya sobat#BPOM!

#BBPOMJAKARTA
#BPOMRI
#JAKARTAFAIR2023",in,,,,116,2023-06-15T12:01:34.000Z,/BPOMJakarta/status/1669314201872105472
@detikcom,"Jakarta Fair atau Pekan Raya Jakarta (PRJ) 2023 digelar di JIEXPO, Kemayoran mulai 14 Juni - 16 Juli 2023. Berikut informasi cara beli tiket PRJ Kemayoran 2023:",in,,2,1,"7,064",2023-06-15T11:50:00.000Z,/detikcom/status/1669311288944541697
@ismoyo_wbimo,"Pekan Raya Jakarta (Jakarta Fair 2023) di Kemayoran, Jakarta Pusat  
PRJ digelar selama 33 hari yang dibuka mulai 14 Juni sampai 16 Juli 2023 di Jakarta International Expo (JIEXPO) Kemayoran, Jakarta Pusat.",in,,,,131,2023-06-15T11:48:04.000Z,/ismoyo_wbimo/status/1669310802032209920
@TRANS7,Jokowi buka Pekan Raya Jakarta 2023 #Redaksi,in,,2,3,"1,578",2023-06-15T11:04:15.000Z,/TRANS7/status/1669299776276295681
@AbdulhaySalim,"Kepala Staf Angkatan Darat (Kasad) Jenderal TNI Dr. Dudung Abdurachman menghadiri Pembukaan Pekan Raya Jakarta (PRJ) atau biasa disebut dengan Jakarta Fair Kemayoran (JFK) tahun 2023

@ngopibareng_DAR

Kasad Dudung Abdurachman
Tulus Mengabdi Untuk Rakyat",in,,,,91,2023-06-15T10:53:00.000Z,/AbdulhaySalim/status/1669296944202629120
@arinaarinii,"Kepala Staf Angkatan Darat (Kasad) Jenderal TNI Dr. Dudung Abdurachman menghadiri Pembukaan Pekan Raya Jakarta (PRJ) atau biasa disebut dengan Jakarta Fair Kemayoran (JFK) tahun 2023.

@NgopiBareng_DAR

Kasad Dudung Abdurachman
Tulus Mengabdi Untuk Rakyat",in,,,,88,2023-06-15T10:52:00.000Z,/arinaarinii/status/1669296692686880770
@Rahma__wat,"Kepala Staf Angkatan Darat (Kasad) Jenderal TNI Dr. Dudung Abdurachman menghadiri Pembukaan Pekan Raya Jakarta (PRJ) atau biasa disebut dengan Jakarta Fair Kemayoran (JFK) tahun 2023.

@Ngopibareng_DAR

Kasad Dudung Abdurachman
Tulus Mengabdi Untuk Rakyat",in,,,,167,2023-06-15T10:38:00.000Z,/Rahma__wat/status/1669293169366937602
@FahmiAgustian,"Dihelat di pusat Jakarta, di lokasi yg dapat dijangkau dg mudah, Taman Ismail Marzuki menjadi rumah bagi Kenduri Cinta sejak awal kelahirannya. 

Jumat pekan kedua ibarat hari raya jamaah Maiyah di Jakarta.

#23TahunKenduriCinta
#KCJuni",in,1,6,17,"2,683",2023-06-15T09:25:36.000Z,/FahmiAgustian/status/1669274950635786240
@Berita_Daerah,Presiden Jokowi Resmikan Pekan Raya Jakarta,in,,,,15,2023-06-15T09:16:36.000Z,/Berita_Daerah/status/1669272686789525504
@opiik_piss,"Presiden Jokowi Resmi Buka Jakarta Fair 2023

Presiden Joko Widodo secara resmi membuka pameran Pekan Raya Jakarta (PRJ) atau Jakarta Fair 2023 di Jakarta International Expo (JIExpo) Kemayoran, Jakarta, pada Rabu, 14 Juni 2023.",in,1,,3,489,2023-06-15T08:30:03.000Z,/opiik_piss/status/1669260972299796481
@Falen303,"SITUS SENSATIONAL BUMI138
WD BERAPA PUN AUTO PROSES SAMPAI
TUNTAS GASSSSS Sekarang Juga Hanya Di Bumi138.
#KasusAncol #BreakingNews #balihot #jakartabirahi #medanbirahi #MEDAN #jkt48statistik #PEKANRAYAJAKARTA #Bekasibirahi #bumi138",in,,,,325,2023-06-15T08:23:48.000Z,/Falen303/status/1669259398265581568
@Gi_N0ng,"Usai meresmikan pembukaan Pekan Raya Jakarta (PRJ) atau Jakarta Fair 2023 di Jakarta International Expo (JIExpo) Kemayoran, Jakarta, pada Rabu, 14 Juni 2023, Presiden Joko Widodo berkeliling untuk meninjau sejumlah stan yang ada di pameran tersebut.",in,1,1,,418,2023-06-15T08:20:13.000Z,/Gi_N0ng/status/1669258496595099650
@MandiriPopular,"Pameran Pekan Raya Jakarta (PRJ) atau Jakarta Fair Kemayoran (JFK) secara resmi dibuka oleh Presiden Joko Widodo pada
Rabu (14/06). di JI-Expo Kemayoran, Jakarta.

Selengkapnya ada di BIO!",in,,,1,213,2023-06-15T08:02:59.000Z,/MandiriPopular/status/1669254157373669376
@medcom_id,"Penjabat (Pj) Gubernur DKI Jakarta Heru Budi Hartono mengatakan Jakarta Fair atau Pekan Raya Jakarta (PRJ) konsisten digelar selama 54 tahun. Ajang tersebut dinilai momentum memperkuat ekonomi domestik.

#JakartaFair #PekanRayaJakarta #PRJ",in,,,,115,2023-06-15T08:00:01.000Z,/medcom_id/status/1669253410833461248
@bangmahong,"wajib disah kan sama bandot nya ni Sydney kita,
 432D nya langsung ke wa aja 

http://wa.me/+6282173987335

Raffi WAR IS OVER Hot Sauce Tertutup Pekan Raya Jakarta #HolidayNowNotNever Aheng Terbuka FINALLY SKITZY Nyemilikin Jatim 3 Bulan Traveloka",in,,,1,135,2023-06-15T05:20:47.000Z,/bangmahong/status/1669213339229257728
@blank_corps,"Aku mau open jastip Barang/Makanan/Fashion di event Pekan Raya Jakarta (PRJ)/Jakarta Fair nih
@JakartaFairID 

Fee jastip : Rp.5000 - Rp.50.000

Yang mau tanya2 bisa dm/ kontak kami via line ya link ada di bio
#Jastip #jastipPRJ #Pekanrayajakarta #PRJ #JakartaFair2023",in,1,2,,770,2023-06-15T05:07:13.000Z,/blank_corps/status/1669209926621859840
@chng_yt91,"Aku mau open jastip Barang/Makanan/Fashion di event Pekan Raya Jakarta (PRJ)/Jakarta Fair nih
@JakartaFairID 

Fee jastip : Rp.5000 - Rp.50.000

Yang mau tanya2 bisa dm/ kontak kami via line ya link ada di bio
#Jastip #jastipPRJ #Pekanrayajakarta #PRJ #JakartaFair2023",in,1,1,,381,2023-06-15T05:07:03.000Z,/chng_yt91/status/1669209886348181504
@detikcom,Pekan Raya Jakarta (PRJ) atau Jakarta Fair Kemayoran (JFK) 2023 resmi dibuka Rabu (14/6). Acara pembukaan berlangsung meriah. Yuk lihat lagi suasananya...,in,,4,5,"6,054",2023-06-15T05:00:01.000Z,/detikcom/status/1669208114145673216
@tempodotco,Pedagang kerak telor di Pekan Raya Jakarta mengeluarkan biaya sebesar Rp 18 juta untuk sewa tempat.,in,4,17,22,"7,019",2023-06-15T04:36:55.000Z,/tempodotco/status/1669202302379630593
@koropakculture,"Sejarah Jakarta Fair, Awalnya Dikenal dengan Nama Pekan Raya Jakarta.

#JakartaFair #festival #koropak",in,,,,28,2023-06-15T04:32:36.000Z,/koropakculture/status/1669201214465257472
@InfoJktCom,Kasad Hadiri Pembukaan Pekan Raya Jakarta Tahun 2023 - TNI AD http://dlvr.it/Sqhm4x,in,,,,16,2023-06-15T04:29:40.000Z,/InfoJktCom/status/1669200478218096640
@afathiahana,"Mumpung rame, yang mau jastip diskonan PRJ bisa ke aku ya guys.

Transaksi aman bisa via shopee
#JakartaFair2023 #JakartaFair
#jastipprj #pekanrayajakarta #jastippekanrayajakarta #jastipjakartafair",in,,,,959,2023-06-15T04:28:25.000Z,/afathiahana/status/1669200160432455681
@shywayu,"WTS // Want To Sale

WTS tiket Pekan Raya Jakarta // Jakarta Fair Sabtu, 17 Juni tanpa konser 75rb 2 tiket #wts #JakartaFair2023 #jiexpo #JakartaFair #wanttosell #WTB #WTs #WTS #zonauang️",in,1,,,768,2023-06-15T02:37:05.000Z,/shywayu/status/1669172142012010497
@PersahabatanR1,"Kawasaki Indonesia Meriahkan Arena Pekan Raya Jakarta 2023 https://otoexpo.com/kawasaki-indonesia-meriahkan-arena-pekan-raya-jakarta-2023/…  KMI ikut serta di Pekan Raya Jakarta mulai tanggal 14 Juni hingga 17 Juli 2023.

Dengan menyajikan display motor-motor andalan,",in,,,,33,2023-06-15T02:26:57.000Z,/PersahabatanR1/status/1669169594077188097
@kotajakpus,"Presiden RI Joko Widodo secara resmi membuka ajang pameran terbesar se-Asia Tenggara Pekan Raya Jakarta (Jakarta Fair 2023) di Kemayoran, Jakarta Pusat, Rabu (14/6).",in,1,,,91,2023-06-15T02:19:46.000Z,/kotajakpus/status/1669167786214690818
@DeMasrifah,"harus kita tau Jenderal TNI Dr. Dudung Abdurachman menghadiri Pembukaan Pekan Raya Jakarta (PRJ) atau biasa disebut dengan Jakarta Fair Kemayoran (JFK) tahun 2023.

@Ngopibareng_DAR

Kasad Dudung Abdurachman
Tulus Mengabdi Untuk Rakyat",in,,,,100,2023-06-15T02:02:18.000Z,/DeMasrifah/status/1669163392060510209
@haloindonesia88,"Jakarta, http://Haloindonesia.co.id - Presiden Joko Widodo secara resmi membuka pameran Pekan Raya Jakarta (PRJ) atau Jakarta Fair 2023 di Jakarta International Expo (JIExpo) Kemayoran, Jakarta, pada Rabu, 14 Juni 2023.

https://haloindonesia.co.id/presiden-jokowi-resmi-buka-jakarta-fair-2023/…",in,,,,51,2023-06-15T01:49:25.000Z,/haloindonesia88/status/1669160149884231681
@putrisaadda,"Jenderal TNI Dr. Dudung Abdurachman menghadiri Pembukaan Pekan Raya Jakarta (PRJ) atau biasa disebut dengan Jakarta Fair Kemayoran (JFK) tahun 2023.

@Ngopibareng_DAR

Kasad Dudung Abdurachman
Tulus Mengabdi Untuk Rakyat",in,,,,70,2023-06-15T01:38:12.000Z,/putrisaadda/status/1669157326413242368
@tni_ad,Kasad Hadiri Pembukaan Pekan Raya Jakarta Tahun 2023 https://tniad.mil.id/kasad-hadiri-pembukaan-pekan-raya-jakarta-tahun-2023/…,in,,4,29,"1,887",2023-06-15T00:20:44.000Z,/tni_ad/status/1669137829434376192
@masteryeolda,Ada ga yang jastip bluder cokro prj pekan raya jakarta jakarta fair,in,4,,,"1,227",2023-06-15T00:19:33.000Z,/masteryeolda/status/1669137532297314304
@nengherba1,"Presiden @Jokowi dijadwalkan akan membuka penyelenggaraan Pekan Raya Jakarta (PRJ) 2023  di JI-Expo Kemayoran, Jakarta, pada Rabu (14/6/2023) malam.",in,,,,24,2023-06-14T23:52:12.000Z,/nengherba1/status/1669130648446197761
@iina_surbakti,"Usai meresmikan pembukaan Pekan Raya Jakarta (PRJ) atau Jakarta Fair 2023 di Jakarta International Expo (JIExpo) Kemayoran, Jakarta, pada Rabu, 14 Juni 2023, Presiden Joko Widodo berkeliling untuk meninjau sejumlah stan yang ada di pameran tersebut.",in,1,1,5,374,2023-06-14T22:40:11.000Z,/iina_surbakti/status/1669112526221774849
@iina_surbakti,"Presiden Jokowi Resmi Buka Jakarta Fair 2023

Presiden Joko Widodo secara resmi membuka pameran Pekan Raya Jakarta (PRJ) atau Jakarta Fair 2023 di Jakarta International Expo (JIExpo) Kemayoran, Jakarta, pada Rabu, 14 Juni 2023.
https://presidenri.go.id",in,2,4,10,"1,420",2023-06-14T22:36:11.000Z,/iina_surbakti/status/1669111520662523904
@KerjaHasil_id,"Sambutan Presiden Jokowi Pada Pembukaan Pekan Raya Jakarta
JI-Expo Kemayoran, 14 Juni 2023

𝗝𝗼𝗸𝗼𝘄𝗶 𝗚𝗮𝘀 𝗣𝗼𝗹 𝗣𝗲𝗺𝘂𝗹𝗶𝗵𝗮𝗻 𝗘𝗸𝗼𝗻𝗼𝗺𝗶",in,,,2,187,2023-06-14T21:58:06.000Z,/KerjaHasil_id/status/1669101934249398272
@tempodotco,"Buka Perayaan Pekan Raya Jakarta, Heru Budi: Berawal dari Bang Ali Sadikin #TempoMetro",in,,,2,"2,275",2023-06-14T20:42:33.000Z,/tempodotco/status/1669082924308893696
@InfoJktCom,Pekan Raya Jakarta 2023 tebar tawaran makanan dan minuman harga hemat http://dlvr.it/Sqgtrk,in,,,,31,2023-06-14T18:51:07.000Z,/InfoJktCom/status/1669054878457671680
@beritaja1,Presiden Jokowi buka Pekan Raya Jakarta 2023 - BeritAja,in,,,,5,2023-06-14T18:34:19.000Z,/beritaja1/status/1669050650964135936
@antaranews,Presiden Jokowi buka Pekan Raya Jakarta 2023,in,,,,720,2023-06-14T18:29:36.000Z,/antaranews/status/1669049465813225472
@SINDOnews,"Presiden Joko Widodo (Jokowi) resmi membuka Pekan Raya Jakarta (PRJ) atau Jakarta Fair Kemayoran 2023 di JIExpo Kemayoran, Jakarta Pusat, Rabu (14/6/2023) malam. Kembang api mewarnai pembukaan PRJ 2023.

 #Sindonews #news .",in,,,2,408,2023-06-14T14:36:39.000Z,/SINDOnews/status/1668990841912807425
@SINDOnews,"Presiden Joko Widodo (Jokowi) resmi membuka Pekan Raya Jakarta (PRJ) atau Jakarta Fair Kemayoran 2023 di JIExpo Kemayoran, Jakarta Pusat, Rabu (14/6/2023) malam. Jakarta Fair sudah sangat akrab dengan masyarakat Jakarta.

 #Sindonews #news .",in,,,1,351,2023-06-14T14:36:39.000Z,/SINDOnews/status/1668990841547792384
@NyiMasLomb4150,"Sambutan Presiden Joko Widodo Pada Pembukaan Pekan Raya Jakarta, JI-Expo Kemayoran, 14 Juni 2023",in,,,,108,2023-06-14T14:23:48.000Z,/NyiMasLomb4150/status/1668987605482962944
@okezonenews,"Jokowi membuka pekan raya Jakarta atau Jakarta Fair 2023 di Kemayoran, Jakarta pada malam hari ini Rabu (14/6/2023). .

 #Okezone #BeritaTerkini #BeritaTerkini #NewsUpdate .",in,,,,516,2023-06-14T14:10:19.000Z,/okezonenews/status/1668984212383227906
@inilahdotcom,"Presiden Joko Widodo (Jokowi) resmi membuka pagelaran Pekan Raya Jakarta (PRJ) atau Jakarta Fair 2023 di JIExpo Kemayoran, Jakarta Pusat, Rabu (14/6/2023) malam. Selain Jokowi, turut hadir sejumlah pejabat kementerian seperti Menparekraf Sandiaga Uno,…",in,,,,282,2023-06-14T14:07:04.000Z,/inilahdotcom/status/1668983394494042119
@most1058,Presiden @jokowi  membuka Pekan Raya Jakarta atau Jakarta Fair 2023 yang digelar di Kemayoran pada 14 Juni hingga 16 Juli 2023. #MostUpdate1058,in,,,1,156,2023-06-14T14:05:25.000Z,/most1058/status/1668982978985295873
@kumparan,"Ketua Mahkamah Konstitusi Anwar Usman mendampingi Presiden Jokowi di Pekan Raya Jakarta, Rabu (14/6) malam. Keduanya tampak santai, sang istri pun ikut menemani. #newsupdate 3update #news #text",in,,,,"2,171",2023-06-14T14:02:10.000Z,/kumparan/status/1668982163600035840
@CNNIndonesia,"Jokowi Buka Pekan Raya Jakarta 2023, Didampingi Sandiaga dan Heru Budi",in,1,1,8,"7,007",2023-06-14T13:38:52.000Z,/CNNIndonesia/status/1668976298041962497
@inilahdotcom,"Presiden RI Joko Widodo (Jokowi) akan menjadi tamu kehormatan dalam meresmikan pembukaan Pekan Raya Jakarta (PRJ) atau Jakarta Fair 2023 di JI-Expo Kemayoran, Jakarta Pusat, pada malam ini, Rabu (14/6/2023). Direktur Pemasaran JI-Expo, Ralph…",in,,,,208,2023-06-14T11:33:09.000Z,/inilahdotcom/status/1668944660050640896
@KemenkesRI,"Hi #Healthies

Kamu diajak untuk datang ke booth @KemenkesRI di Pekan Raya Jakarta (PRJ) 2023 

Mulai hari ini, PRJ kembali dibuka untuk publik hingga 16 Juli 2023. Berlangsung selama 33 hari, event terbesar di Asia Tenggara ini siap menyambut kamu untuk hadir dan berkunjung ",in,3,7,15,"5,060",2023-06-14T11:28:24.000Z,/KemenkesRI/status/1668943468062969859
@wanskyhigh,pekan raya jakarta dah rame aja ternyata,in,,,,70,2023-06-14T11:22:26.000Z,/wanskyhigh/status/1668941966036574211
@SunnyGoldID,"WOW! Ke PRJ bisa dapat hadiah menarik? 
Bisa banget!!!

Sunny Gold hadir di Pekan Raya Jakarta dan siap bagi-bagi hadiah menarik buat Golden Friends

Yuuk, kunjungi booth Sunny Gold dan ikutan kompetisi nya!
#SunnyGold #PRJ #PekanRayaJakarta #JakartaFair #PRJ2023",in,,,1,334,2023-06-14T10:47:34.000Z,/SunnyGoldID/status/1668933192177577985
@detikcom,Pekan Raya Jakarta (PRJ) atau Jakarta Fair 2023 bakal digelar mulai hari ini. Presiden Jokowi dijadwalkan akan membuka langsung acara itu pada malam ini.,in,,4,11,11.6K,2023-06-14T09:30:00.000Z,/detikcom/status/1668913669449842688
@KIAmotorsID,"Kia hadir di event Pekan Raya Jakarta 2023, Hall A - JIExpo Kemayoran 

Di sana Kia Holics bisa melihat mobil Kia lebih dekat dan berkesempatan dapetin promo menarik dari tanggal 14 Juni - 16 Juli 2023 ",in,1,,5,348,2023-06-14T09:16:16.000Z,/KIAmotorsID/status/1668910214081576961
@hariankompas,Pekan Raya Jakarta atau Jakarta Fair pertama kali diadakan bersamaan dengan ulang tahun Jakarta ke-441 tahun 1968. Sejak itu seakan sudah jadi tradisi setiap ulang tahun Jakarta diiringi dengan perhelatan Jakarta Fair. #Metro #AdadiKompas,in,,,2,677,2023-06-14T09:14:40.000Z,/hariankompas/status/1668909811029749760
@republikaonline,Pelanggan yang ingin ke Pekan Raya Jakarta 2023 dapat menggunakan bus Transjakarta.,in,1,1,2,"1,143",2023-06-13T10:05:26.000Z,/republikaonline/status/1668560197290463232
@jamkesjakarta,"Mulai tanggal 14 Juni - 16 Juli 2023 akan ada JAKARTA FAIR loh atau yang dikenal dengan Pekan Raya Jakarta (PRJ) sebagai rangkaian acara menyambut perayaan HUT ke-496 Kota DKI Jakarta.
Kamu dapat membeli tiket masuk secara online melalui tautan https://jakartafair.co.id
#PRJ2023",in,,2,4,390,2023-06-13T09:16:29.000Z,/jamkesjakarta/status/1668547879777239041
@liburanteruscom,"Sehubungan dengan diadakannya Jakarta Fair atau Pekan Raya Jakarta (PRJ) esok hari, 14 Juni 2023, liburanterus mau kasih info nih hal hal apa yang bisa dilakukan di sana. Yuk dicek~",in,1,,1,541,2023-06-13T09:07:16.000Z,/liburanteruscom/status/1668545562944376833
@dukcapiljakarta,"Halo Warga Jakarta!

Dinas Dukcapil Jakarta turut berpartisipasi di Pekan Raya Jakarta loh!
Bagi kalian yang ingin melakukan aktivasi IKD, kalian bisa mengunjungi booth Dinas Dukcapil DKI Jakarta di Jakarta International Expoo Hall C, di waktu berikut ini 

#dukcapilinfo",in,2,2,4,"1,181",2023-06-13T09:03:05.000Z,/dukcapiljakarta/status/1668544507741364225
@PT_Transjakarta,"#INFOTRANSJAKARTA | Sahabat TiJe, Transjakarta mengoperasikan 4 rute khusus yang dapat mempermudah pelanggan untuk berkunjung ke Pekan Raya Jakarta (@jakartafair) loh!",in,17,25,73,26.3K,2023-06-13T08:46:44.000Z,/PT_Transjakarta/status/1668540394664255488
@mericahitam,Pengen ke Pekan Raya Jakarta 2023 deh.,in,2,,1,493,2023-06-13T07:33:27.000Z,/mericahitam/status/1668521952527650817
@baperanewscom,"Pekan Raya Jakarta atau sering dikenal dengan sebutan Jakarta Fair, kini hadir kembali di pertengahan tahun ini tepatnya pada tanggal 14 Juni-16 Juli 2023. Berikut rincian harga tiketnya!",in,,,,36,2023-06-13T04:12:18.000Z,/baperanewscom/status/1668471328956112898
@cheesecxk,"wts 1 tiket Pekan Raya Jakarta  + Konser (Diskopantera, Weird Jenius, Feel Koplo) 15 Juni 2023!! nego? minat? dm yaaapss #zonauang #wts #wtsprj",in,2,,,671,2023-06-12T09:30:10.000Z,/cheesecxk/status/1668188934948655110
@BeritaJakarta,"Mau beli tiket Pekan Raya Jakarta (PRJ) secara online, tapi bingung bagaimana caranya?
Tenang.. Tinggal kunjungi situs resmi Jakarta Fair di https://jakartafair.co.id, lalu ikuti langkah-langkah pembeliannya, dijamin tidak ribet.",in,1,,6,"1,825",2023-06-11T08:45:43.000Z,/BeritaJakarta/status/1667815362581377024
@WartaEkonomi,"Digelar Mulai 14 Juni, Pekan Raya Jakarta Diikuti Sebanyak 2.500 Perusahaan",in,,,,76,2023-06-11T08:05:01.000Z,/WartaEkonomi/status/1667805119948402691
@cuttekitten,tags. wts wtb serum avoskin sale murah underprice diskon up to 58% skincare makeup murah open po pekan raya jakarta fair 2023,in,,,,791,2023-06-11T08:01:55.000Z,/cuttekitten/status/1667804339451346945
@YakultIndonesia,"Gak kerasa udah H-3 bakal ketemu Yakult di Jakarta Fair Kemayoran! Siapa yang udah rencana mau ke booth Yakult nih? Absen dulu yuk! 
#YakultIndonesia #JanganLupaMinumYakult #YakultSetiapHari #JakartaFair #JakartaFAirKemayoran #PekanRayaJakarta #JakartaFairKemayoran",in,2,1,25,"1,228",2023-06-11T06:06:19.000Z,/YakultIndonesia/status/1667775248316645376
@PRDepok,PRJ 2023 Kapan Dibuka? Cek Jadwal dan Beli Tiket Masuk Pekan Raya Jakarta di Link Ini,in,,,,195,2023-06-11T05:39:33.000Z,/PRDepok/status/1667768509806551040
@windidiah,INFORMASI HARGA TIKET MASUK PRJ (PEKAN RAYA JAKARTA) 2023,in,1,3,23,"5,209",2023-06-11T04:51:49.000Z,/windidiah/status/1667756498313945089
@HerryYuniarto7,Cikal bakal pekan raya Jakarta setiap ulang tahun Jakarta,in,,1,1,101,2023-06-11T00:30:53.000Z,/HerryYuniarto7/status/1667690834681266179
@tempodotco,Motor Listrik United Siap Ramaikan Pekan Raya Jakarta 2023 #TempoOtomotif,in,,,1,"1,315",2023-06-08T06:08:10.000Z,/tempodotco/status/1666688549108973569
@pophariini,"Pekan Raya Jakarta atau kini dikenal @JakartaFairID siap kembali digelar tanggal 14 Juni-16 Juli 2023 di JIExpo Kemayoran, Jakarta Pusat.",in,,1,,"3,681",2023-06-08T05:25:00.000Z,/pophariini/status/1666677685349761027
@BVOICE_RADIO,"Blistener kabarnya, Pekan Raya Jakarta atau Jakarta Fair kembali digelar tahun ini. PRJ akan diselenggarakan di JIEXPO Kemayoran Mulai 14 Juni mendatang  #MorningVoice",in,,,,121,2023-06-08T01:41:02.000Z,/BVOICE_RADIO/status/1666621324629004290
@detikcom,"Jakarta Fair Kemayoran (JFK) atau Pekan Raya Jakarta (PRJ) kembali dilaksanakan tahun ini. Berikut serba-serbi Jakarta Fair 2023, termasuk harga tiket masuknya.",in,,8,7,10.5K,2023-06-07T23:16:53.000Z,/detikcom/status/1666585048810758145
@imsocoldv,pekan raya jakarta,in,,,,100,2023-06-07T11:56:07.000Z,/imsocoldv/status/1666413727556714497
@rydaelfryda,Pekan raya jakarta?,in,1,,,181,2023-06-07T10:41:40.000Z,/rydaelfryda/status/1666394991604961281
@Puspitaaaa__,Pekan Raya Jakarta? Iya bukaaan?,in,,1,,"2,868",2023-06-07T10:39:27.000Z,/Puspitaaaa__/status/1666394432877518848
@detikcom,"Siap-siap, detikers! Pekan Raya Jakarta atau Jakarta Fair kembali digelar tahun ini. PRJ akan diselenggarakan di JIEXPO Kemayoran Mulai 14 Juni mendatang.",in,,2,1,"4,056",2023-06-07T07:44:00.000Z,/detikcom/status/1666350277975322625
@PRDepok,Jakarta Fair 2023 Dibuka Tanggal Berapa? Ini Jadwal dan Jam Buka Tutup Pekan Raya Jakarta Kemayoran,in,,,,103,2023-06-06T02:32:09.000Z,/PRDepok/status/1665909410533879809
@Reservasimudah,"Hai bestie pekan raya Jakarta 2023 ada lagi nih. Yuk booking sekarang sebelum full room yaa ...

Info pemesanan : 0813-1663-4956",in,1,,,287,2023-06-05T07:32:25.000Z,/Reservasimudah/status/1665622589962870785
@PowerRangersni,Nguruss buat Pekan Raya Jakarta Alias Jakarta Fair~,in,,,,286,2023-05-31T05:42:09.000Z,/PowerRangersni/status/1663782899274125312
@CNNIDdaily,"Empat pekan jelang Hari Raya Idul Adha, para penjual hewan qurban mulai banyak di jumpai di sejumlah titik terutama di wiliyah Tanah Abang, Jakarta Pusat. Sementara di Purwakarta, Jawa Barat penjualan sapi meningkat hingga dua kali lipat. http://cnnindonesia.com/tv",in,,1,2,618,2023-05-31T02:24:43.000Z,/CNNIDdaily/status/1663733213834153988
@Devinchi99,"pekan raya jakarta mulai kapan ya 
pengen kesana deh",in,,,,43,2023-05-31T01:19:00.000Z,/Devinchi99/status/1663716677375365120
@ngiderjekate,"Jelajahi Jakarta dan Rasakan Momen Hajatan Jakarta 2023! Bergabunglah dengan jasa trip kami dari Malang untuk merasakan kegembiraan Pekan Raya Jakarta dan momen-momen tak terlupakan lainnya. Nikmati keindahan ibu kota, eksplorasi budaya, dan kuliner bersama @ngiderjekate",in,,1,1,171,2023-05-30T07:30:30.000Z,/ngiderjekate/status/1663447776829784064
@MeMathchacino,"Jelajahi Jakarta dan Rasakan Momen Hajatan Jakarta 2023! Bergabunglah dengan jasa trip kami dari Malang untuk merasakan kegembiraan Pekan Raya Jakarta dan momen-momen tak terlupakan lainnya. Nikmati keindahan ibu kota, eksplorasi budaya, dan kuliner bersama @ngiderjekate",in,,2,3,"1,191",2023-05-29T11:03:11.000Z,/MeMathchacino/status/1663138912431398913
@ariecsetiawan_,pepo di bantai sama pekan raya jakarta ini penistaan pepo nih ,in,,,,64,2023-05-29T08:04:22.000Z,/ariecsetiawan_/status/1663093914889523200
@ngiderjekate,"Jelajahi Jakarta dan Rasakan Momen Hajatan Jakarta 2023! Bergabunglah dengan jasa trip kami dari Malang untuk merasakan kegembiraan Pekan Raya Jakarta dan momen-momen tak terlupakan lainnya. Nikmati keindahan ibu kota, eksplorasi budaya yang kaya, dan kuliner bersama ngiderjekate",in,,1,1,"1,134",2023-05-28T01:50:34.000Z,/ngiderjekate/status/1662637457240920064
@melsiadara,Dikirain iKON bakal ada di Pekan Raya Jakarta ,in,,,,162,2023-05-08T11:33:55.000Z,/melsiadara/status/1655536503492341763
@fallforkim,Wah tampil di pekan raya jakarta,in,,,,97,2023-05-08T11:23:22.000Z,/fallforkim/status/1655533848351109121
@nationaIe,ikonic pekan raya jakarta,in,,,,120,2023-05-08T11:22:12.000Z,/nationaIe/status/1655533556171694080
@konysclub,Pekan Raya Jakarta wkwkwk,in,,,,29,2023-05-08T10:55:39.000Z,/konysclub/status/1655526872313376770
@peachizzu,"Kok mirip Pekan Raya Jakarta? 
Iyah, penyelenggara-nya sama ;)",in,,,,10,2023-05-05T14:06:57.000Z,/peachizzu/status/1654487852145602561
@geolocgi,"@Chicllzaaa if we date, kita bakalan pergi ke pekan raya jakarta. nanti kita bakalan jajan terus bakalan ke konser musik yang ada disana",in,1,1,1,105,2023-05-01T09:02:19.000Z,/geolocgi/status/1652961635424690177
@InfoJktCom,DKI Jakarta Baru Bisa Gelar Halal Bihalal setelah Pekan Kedua Hari Raya Idul Fitri - Metro http://dlvr.it/Sn1wmy,in,,,,53,2023-04-25T06:34:38.000Z,/InfoJktCom/status/1650750142868500480
@tempodotco,DKI Jakarta Baru Bisa Gelar Halal Bihalal setelah Pekan Kedua Hari Raya Idul Fitri https://metro.tempo.co/read/1718582/dki-jakarta-baru-bisa-gelar-halal-bihalal-setelah-pekan-kedua-hari-raya-idul-fitri?utm_source=Twitter&utm_medium=dlvr.it… #TempoMetro,in,,,1,"1,739",2023-04-25T04:40:35.000Z,/tempodotco/status/1650721444098342912
@BeritaJakarta,"POTRET JAKARTA: Memasuki pekan terakhir bulan Ramadan, kawasan Pasar Perumnas Klender, Jalan Teratai Putih Raya, Malaka Sari, Duren Sawit, Jakarta Timur, mulai dipenuhi sejumlah penjual kulit ketupat.
Selengkapnya: https://instagram.com/p/CrQAgBivBjJ/?igshid=ODM2MWFjZDg=…",in,,,,638,2023-04-20T07:50:31.000Z,/BeritaJakarta/status/1648957301825613825
@DeHoutman_id,"Tidak ada sesuatu dibalik kunjungan Jokowi ke Hannover.

Jokowi menghadiri Hannover messe atau (Pekan Raya Jakarta PRJ) Jakarta-Indonesia.

Hannover Messe adalah pameran industri tingkat Internasional. @silaen_gunawan",in,2,,2,215,2023-04-16T07:08:35.000Z,/DeHoutman_id/status/1647497197624381441
@IDNTimes,"Pasar Tanah Abang di Jakarta Pusat mulai diserbu warga satu pekan jelang Lebaran 2023. Para pengunjung berbelanja berbagai kebutuhan Hari Raya Idul Fitri seperti toko busana muslim, peralatan salat, dan lainnya. https://idntimes.com/news/indonesia/dini-suciatiningrum/pasar-tanah-abang-mulai-diburu-pengunjung-gamis-lesti-laris-manis?utm_source=twitter&utm_medium=twitter&utm_campaign=dlvr.it…",in,,,,332,2023-04-15T12:14:34.000Z,/IDNTimes/status/1647211811006218242
@KhalikAbdillah,Buka Bersama Akhir Pekan Divisi Barat dari BisMania Community Korda Jakarta Raya,in,,,,85,2023-04-15T04:58:20.000Z,/KhalikAbdillah/status/1647102030799073280
@sewatendarodert,"Tenda Roder adalah Tenda Berukuran Besar yang kuat yang biasa di gunakan untuk event-event besar seperti pekan raya Jakarta , tenda gudang , untuk grand opening mall , perusaahn atau pabrik . wa / tlp : 0819-7700-0899",in,,,,49,2023-04-15T02:30:03.000Z,/sewatendarodert/status/1647064715196248064
@sewatendarodert,"Tenda Roder adalah Tenda Berukuran Besar yang kuat yang biasa di gunakan untuk event-event besar seperti pekan raya Jakarta , tenda gudang , untuk grand opening mall , perusaahn atau pabrik . wa / tlp : 0819-7700-0899",in,,,,38,2023-04-13T04:32:35.000Z,/sewatendarodert/status/1646370775186960386
@PolresJakPus,"Anggota Polsek Kemayoran
Melaksanakan Patroli kewilayahan Antisipasi Ngebuburit
Siswa / Pelajar di Sekitaran Pekan Raya Jakarta Kemayoran
Jakarta Pusat.",in,,,,31,2023-04-13T01:29:03.000Z,/PolresJakPus/status/1646324586118774784
@sewatendarodert,"Jual Tenda Roder , Tenda Berukuran Besar yang kuat yang biasa di gunakan untuk event-event besar seperti pekan raya Jakarta , tenda gudang , untuk grand opening mall Wa/ tlp : 0819-7700-0899",in,,,,42,2023-04-12T04:19:02.000Z,/sewatendarodert/status/1646004978123964417
@deskjabar,"Inspirasi Bergaya di Hari Raya, JFW 2023 Gelar Rayya Fashion Festival 2023 Pekan Ini, 10-16 April 2023 
#JFW2023 #jakarta #Lebaran2023 #gayahidup #fashion",in,,1,,49,2023-04-10T04:13:24.000Z,/deskjabar/status/1645278781937176577
@maswik_,Ini tempat gym atau pekan raya Jakarta sih kok rame amat ,in,,,2,260,2023-04-06T09:55:12.000Z,/maswik_/status/1643915247995224065
@CNNIDdaily,"Dua pekan menjelang hari Raya Idul Fitri, harga daging sapi, ayam, serta telur, naik di pasar tradisional Medan. Sementara dari Jakarta, jelang lebaran, Presiden Jokowi kembali blusukan ke sejumlah pasar tradisional memantau stok dan harga bahan pokok. http://cnnindonesia.com/tv",in,,,,376,2023-04-06T05:28:35.000Z,/CNNIDdaily/status/1643848152188059648
@mediaindonesia,"Pekan ini umat kristiani merayakan Hari Raya Paskah, berikut jadwal misa dan jumat agung dari Gereja Katedral Jakarta 2023.",in,,,,485,2023-04-04T06:10:04.000Z,/mediaindonesia/status/1643133816813551623
@itzchaeryi,Pekan raya jakarta :(,in,1,,,60,2023-04-02T16:46:00.000Z,/itzchaeryi/status/1642569076865400832
